ego_id,circle_name,member_id
414,circle0,475
414,circle0,373
414,circle0,461
414,circle0,391
414,circle0,376
414,circle0,524
414,circle0,348
414,circle0,436
414,circle1,378
414,circle1,412
414,circle1,513
414,circle1,475
414,circle1,438
414,circle1,669
414,circle1,553
414,circle1,373
414,circle1,514
414,circle1,558
414,circle1,651
414,circle1,431
414,circle1,683
414,circle1,614
414,circle1,461
414,circle1,506
414,circle1,544
414,circle1,668
414,circle1,363
414,circle1,400
414,circle1,542
414,circle1,637
414,circle1,391
414,circle1,566
414,circle1,559
414,circle1,395
414,circle1,428
414,circle1,500
414,circle1,606
414,circle1,604
414,circle1,591
414,circle1,567
414,circle1,607
414,circle1,374
414,circle1,465
414,circle1,580
414,circle1,496
414,circle1,376
414,circle1,492
414,circle1,370
414,circle1,524
414,circle1,641
414,circle1,423
414,circle1,601
414,circle1,394
414,circle1,676
414,circle1,107
414,circle1,348
414,circle1,515
414,circle1,590
414,circle1,674
414,circle1,563
414,circle1,483
414,circle1,434
414,circle1,436
414,circle1,561
414,circle1,556
414,circle2,649
414,circle2,558
414,circle2,594
414,circle2,173
414,circle2,428
414,circle2,427
414,circle2,604
414,circle2,567
414,circle2,607
414,circle2,107
414,circle2,348
414,circle2,563
414,circle2,667
414,circle3,611
414,circle3,603
414,circle3,597
414,circle3,579
414,circle3,592
414,circle3,684
414,circle3,677
414,circle4,647
414,circle4,583
414,circle4,661
414,circle4,578
414,circle4,576
414,circle4,615
414,circle4,600
414,circle4,595
414,circle4,582
414,circle4,599
414,circle4,500
414,circle4,635
414,circle4,632
414,circle4,675
414,circle4,662
414,circle4,670
414,circle4,628
414,circle4,658
414,circle4,643
414,circle4,659
414,circle4,577
414,circle4,665
414,circle4,681
414,circle4,640
414,circle4,650
414,circle4,627
414,circle5,631
414,circle5,584
414,circle5,602
414,circle5,639
414,circle5,678
414,circle5,682
414,circle5,660
414,circle5,616
414,circle5,679
414,circle6,622
414,circle6,631
414,circle6,621
414,circle6,611
414,circle6,596
414,circle6,636
414,circle6,584
414,circle6,680
414,circle6,625
414,circle6,619
414,circle6,620
414,circle6,609
414,circle6,588
414,circle6,618
414,circle6,573
414,circle6,629
414,circle6,666
414,circle6,603
414,circle6,597
414,circle6,637
414,circle6,672
414,circle6,612
414,circle6,602
414,circle6,589
414,circle6,579
414,circle6,639
414,circle6,664
414,circle6,678
414,circle6,575
414,circle6,685
414,circle6,623
414,circle6,644
414,circle6,592
414,circle6,682
414,circle6,684
414,circle6,574
414,circle6,617
414,circle6,626
414,circle6,641
414,circle6,655
414,circle6,605
414,circle6,601
414,circle6,653
414,circle6,630
414,circle6,654
414,circle6,598
414,circle6,107
414,circle6,590
414,circle6,677
414,circle6,674
414,circle6,616
414,circle6,633
414,circle6,483
414,circle6,679
414,circle6,638
414,circle6,422
414,circle6,663
414,circle6,657
3437,circle0,3518
3437,circle0,3860
3437,circle0,3605
3437,circle0,3488
3437,circle0,3938
3437,circle0,3574
3437,circle0,3604
3437,circle0,3640
3437,circle0,3832
3437,circle1,3786
3437,circle1,3623
3437,circle1,3947
3437,circle1,3782
3437,circle2,3963
3437,circle2,3771
3437,circle2,3939
3437,circle2,3682
3437,circle2,3624
3437,circle2,3894
3437,circle2,3949
3437,circle3,3518
3437,circle3,3860
3437,circle3,3651
3437,circle3,3605
3437,circle3,3677
3437,circle3,3488
3437,circle3,3962
3437,circle3,3880
3437,circle3,3456
3437,circle3,1085
3437,circle3,3656
3437,circle3,3753
3437,circle3,3938
3437,circle3,3574
3437,circle3,3521
3437,circle3,3830
3437,circle3,3633
3437,circle3,3604
3437,circle3,3948
3437,circle3,3674
3437,circle3,3907
3437,circle3,3640
3437,circle3,3832
3437,circle3,3586
3437,circle4,3677
3437,circle4,3721
3437,circle4,3880
3437,circle4,3454
3437,circle4,1085
3437,circle4,3592
3437,circle4,3521
3437,circle4,3830
3437,circle4,3689
3437,circle4,3948
3437,circle4,3586
3437,circle5,3721
3437,circle5,3962
3437,circle5,3566
3437,circle5,3456
3437,circle5,3551
3437,circle5,3948
3437,circle5,3586
3437,circle6,3895
3437,circle7,3544
3437,circle7,3775
3437,circle8,3690
3437,circle8,3834
3437,circle8,3617
3437,circle9,3830
3437,circle10,3763
3437,circle11,3844
3437,circle11,3893
3437,circle11,3799
3437,circle11,3612
3437,circle11,3675
3437,circle11,3836
3437,circle11,3476
3437,circle11,3759
3437,circle11,3837
3437,circle12,3690
3437,circle12,3494
3437,circle12,3617
3437,circle13,3593
3437,circle13,3810
3437,circle13,3506
3437,circle13,3558
3437,circle13,3758
3437,circle14,3791
3437,circle14,3680
3437,circle14,3825
3437,circle14,3861
3437,circle14,3593
3437,circle14,3786
3437,circle14,3810
3437,circle14,3568
3437,circle14,3771
3437,circle14,3506
3437,circle14,3766
3437,circle14,3677
3437,circle14,3539
3437,circle14,3721
3437,circle14,3893
3437,circle14,3564
3437,circle14,3895
3437,circle14,3534
3437,circle14,3566
3437,circle14,3718
3437,circle14,3803
3437,circle14,3823
3437,circle14,3551
3437,circle14,3612
3437,circle14,3945
3437,circle14,3454
3437,circle14,3690
3437,circle14,3623
3437,circle14,3770
3437,circle14,3834
3437,circle14,3645
3437,circle14,3947
3437,circle14,3675
3437,circle14,3836
3437,circle14,3759
3437,circle14,3554
3437,circle14,3819
3437,circle14,3705
3437,circle14,3558
3437,circle14,3555
3437,circle14,3494
3437,circle14,3777
3437,circle14,3843
3437,circle14,3782
3437,circle14,3604
3437,circle14,3689
3437,circle14,3617
3437,circle14,3758
3437,circle14,3763
3437,circle14,3719
3437,circle15,3791
3437,circle15,3615
3437,circle15,3553
3437,circle15,3766
3437,circle15,3482
3437,circle15,3753
3437,circle15,3521
3437,circle15,3705
3437,circle15,3470
3437,circle15,3907
3437,circle16,3912
3437,circle16,3567
3437,circle16,3819
3437,circle17,3518
3437,circle17,3477
3437,circle18,3680
3437,circle18,3810
3437,circle18,3506
3437,circle18,3718
3437,circle18,3947
3437,circle18,3758
3437,circle19,3721
3437,circle19,3962
3437,circle19,3456
3437,circle19,1085
3437,circle19,3938
3437,circle19,3633
3437,circle19,3586
3437,circle20,3555
3437,circle21,3834
3437,circle22,3615
3437,circle22,3553
3437,circle22,3677
3437,circle22,3705
3437,circle23,3963
3437,circle24,3939
3437,circle24,3948
3437,circle25,3979
3437,circle25,3544
3437,circle25,3548
3437,circle25,3803
3437,circle25,3660
3437,circle25,3775
3437,circle25,3592
3437,circle25,3843
3437,circle25,3674
3437,circle26,3633
3437,circle26,3586
3437,circle27,3518
3437,circle28,3677
3437,circle29,3861
3437,circle30,3623
3437,circle31,3772
3437,circle31,3779
3437,circle31,3477
1912,circle0,2540
1912,circle0,2047
1912,circle0,2543
1912,circle0,2332
1912,circle0,2183
1912,circle0,2094
1912,circle0,1941
1912,circle1,2014
1912,circle1,2571
1912,circle1,2009
1912,circle1,2011
1912,circle1,2657
1912,circle1,1931
1912,circle1,2639
1912,circle1,2640
1912,circle1,2645
1912,circle1,1999
1912,circle1,2000
1912,circle1,1998
1912,circle1,2284
1912,circle1,2585
1912,circle1,2001
1912,circle1,2020
1912,circle1,2192
1912,circle1,2159
1912,circle1,2024
1912,circle1,2297
1912,circle1,1921
1912,circle1,1995
1912,circle1,2004
1912,circle1,2378
1912,circle1,2006
1912,circle1,2346
1912,circle1,2116
1912,circle1,2648
1912,circle1,2647
1912,circle1,2459
1912,circle1,2337
1912,circle1,2022
1912,circle1,2658
1912,circle1,2660
1912,circle1,2659
1912,circle1,2018
1912,circle1,2268
1912,circle1,2633
1912,circle1,1976
1912,circle1,2341
1912,circle1,1968
1912,circle1,1927
1912,circle1,1954
1912,circle1,2447
1912,circle1,1928
1912,circle1,2157
1912,circle1,2472
1912,circle1,1991
1912,circle1,1950
1912,circle1,2627
1912,circle1,2626
1912,circle1,1914
1912,circle1,2016
1912,circle1,2012
1912,circle1,136
1912,circle1,2364
1912,circle1,2636
1912,circle1,2494
1912,circle1,2015
1912,circle1,2097
1912,circle1,2620
1912,circle1,2583
1912,circle1,1951
1912,circle1,2538
1912,circle1,1935
1912,circle1,2143
1912,circle1,2025
1912,circle1,2027
1912,circle1,2171
1912,circle1,1919
1912,circle2,2456
1912,circle3,2108
1912,circle3,2369
1912,circle3,2046
1912,circle3,2059
1912,circle4,2439
1912,circle4,2531
1912,circle4,2185
1912,circle4,2254
1912,circle4,2548
1912,circle4,2461
1912,circle4,2558
1912,circle4,2375
1912,circle4,2219
1912,circle4,2217
1912,circle4,2621
1912,circle5,2567
1912,circle5,2026
1912,circle5,2191
1912,circle5,2153
1912,circle5,2498
1912,circle5,1959
1912,circle6,1923
1912,circle6,1947
1912,circle6,2134
1912,circle7,2125
1912,circle7,2543
1912,circle7,2502
1912,circle7,2224
1912,circle7,2516
1912,circle7,2519
1912,circle7,2582
1912,circle7,2649
1912,circle7,2298
1912,circle7,2643
1912,circle7,2295
1912,circle7,2163
1912,circle8,2283
1912,circle8,2099
1912,circle8,2304
1912,circle8,2358
1912,circle8,2247
1912,circle8,2246
1912,circle8,2555
1912,circle8,2230
1912,circle8,2461
1912,circle8,2052
1912,circle9,2523
1912,circle10,2456
1912,circle10,2047
1912,circle10,2455
1912,circle10,2543
1912,circle10,2382
1912,circle10,2204
1912,circle10,2541
1912,circle10,2437
1912,circle10,2241
1912,circle10,1985
1912,circle10,2142
1912,circle10,563
1912,circle10,2042
1912,circle10,2470
1912,circle10,1923
1912,circle10,1947
1912,circle10,2344
1912,circle10,2421
1912,circle10,2174
1912,circle10,1465
1912,circle10,2266
1912,circle10,2134
1912,circle10,2034
1912,circle10,428
1912,circle10,2111
1912,circle10,2096
1912,circle10,2468
1912,circle11,2176
1912,circle11,2186
1912,circle11,2031
1912,circle11,2310
1912,circle11,2419
1912,circle11,2209
1912,circle11,1964
1912,circle11,2557
1912,circle11,2641
1912,circle11,2318
1912,circle11,1923
1912,circle11,2038
1912,circle11,2525
1912,circle11,2416
1912,circle11,2133
1912,circle11,2610
1912,circle11,2325
1912,circle11,2211
1912,circle11,2296
1912,circle12,2506
1912,circle12,2573
1912,circle12,2426
1912,circle12,2561
1912,circle12,2348
1912,circle12,2098
1912,circle12,2137
1912,circle13,1956
1912,circle13,2558
1912,circle13,2528
1912,circle13,2425
1912,circle14,2142
1912,circle14,2512
1912,circle14,2560
1912,circle14,2134
1912,circle15,2336
1912,circle15,2283
1912,circle15,1949
1912,circle15,2456
1912,circle15,2458
1912,circle15,2125
1912,circle15,2605
1912,circle15,2455
1912,circle15,2424
1912,circle15,2017
1912,circle15,1915
1912,circle15,2332
1912,circle15,2382
1912,circle15,2204
1912,circle15,2221
1912,circle15,2642
1912,circle15,2120
1912,circle15,1999
1912,circle15,2501
1912,circle15,2437
1912,circle15,2523
1912,circle15,2183
1912,circle15,2224
1912,circle15,2587
1912,circle15,2598
1912,circle15,2142
1912,circle15,1996
1912,circle15,2542
1912,circle15,2581
1912,circle15,2042
1912,circle15,1922
1912,circle15,2470
1912,circle15,2232
1912,circle15,2023
1912,circle15,2316
1912,circle15,2649
1912,circle15,2156
1912,circle15,2421
1912,circle15,2565
1912,circle15,2062
1912,circle15,2328
1912,circle15,2577
1912,circle15,2168
1912,circle15,2114
1912,circle15,2231
1912,circle15,1465
1912,circle15,2266
1912,circle15,2041
1912,circle15,2096
1912,circle15,2243
1912,circle16,2439
1912,circle16,2113
1912,circle16,2100
1912,circle16,2548
1912,circle16,2375
1912,circle16,2217
1912,circle16,2621
1912,circle17,2521
1912,circle17,2560
1912,circle17,2182
1912,circle17,2081
1912,circle18,2298
1912,circle18,2230
1912,circle18,2577
1912,circle19,2283
1912,circle20,2550
1912,circle20,2086
1912,circle20,2030
1912,circle20,1925
1912,circle20,2108
1912,circle20,1918
1912,circle20,2287
1912,circle20,2184
1912,circle20,2369
1912,circle20,2476
1912,circle20,2164
1912,circle20,2262
1912,circle20,2556
1912,circle20,2553
1912,circle20,2593
1912,circle20,2579
1912,circle20,2045
1912,circle20,2464
1912,circle20,1989
1912,circle20,2443
1912,circle20,2462
1912,circle20,2308
1912,circle20,2190
1912,circle20,2477
1912,circle20,2586
1912,circle20,1993
1912,circle20,2121
1912,circle20,2506
1912,circle20,2613
1912,circle20,2507
1912,circle20,2021
1912,circle20,2543
1912,circle20,1962
1912,circle20,2073
1912,circle20,2408
1912,circle20,2391
1912,circle20,2104
1912,circle20,2611
1912,circle20,2123
1912,circle20,2575
1912,circle20,2311
1912,circle20,2374
1912,circle20,2276
1912,circle20,2573
1912,circle20,2334
1912,circle20,2179
1912,circle20,2356
1912,circle20,2484
1912,circle20,2428
1912,circle20,2046
1912,circle20,2521
1912,circle20,2020
1912,circle20,2084
1912,circle20,2638
1912,circle20,2005
1912,circle20,2093
1912,circle20,2092
1912,circle20,2060
1912,circle20,2395
1912,circle20,2078
1912,circle20,2572
1912,circle20,2306
1912,circle20,2549
1912,circle20,2200
1912,circle20,2063
1912,circle20,2350
1912,circle20,2055
1912,circle20,2418
1912,circle20,2607
1912,circle20,2069
1912,circle20,2500
1912,circle20,1938
1912,circle20,2261
1912,circle20,2393
1912,circle20,2240
1912,circle20,1985
1912,circle20,2559
1912,circle20,2352
1912,circle20,2339
1912,circle20,2140
1912,circle20,2387
1912,circle20,2532
1912,circle20,2154
1912,circle20,2112
1912,circle20,2040
1912,circle20,2142
1912,circle20,2212
1912,circle20,2275
1912,circle20,1942
1912,circle20,2591
1912,circle20,2139
1912,circle20,2118
1912,circle20,2172
1912,circle20,2536
1912,circle20,2542
1912,circle20,2469
1912,circle20,2324
1912,circle20,2363
1912,circle20,2237
1912,circle20,1963
1912,circle20,2615
1912,circle20,2551
1912,circle20,1979
1912,circle20,2407
1912,circle20,1917
1912,circle20,1946
1912,circle20,2624
1912,circle20,2655
1912,circle20,2489
1912,circle20,2499
1912,circle20,2257
1912,circle20,2512
1912,circle20,2561
1912,circle20,1953
1912,circle20,2210
1912,circle20,2386
1912,circle20,2218
1912,circle20,2233
1912,circle20,2625
1912,circle20,2122
1912,circle20,2495
1912,circle20,2546
1912,circle20,2381
1912,circle20,1986
1912,circle20,2131
1912,circle20,2077
1912,circle20,2229
1912,circle20,1943
1912,circle20,2442
1912,circle20,2056
1912,circle20,2019
1912,circle20,2560
1912,circle20,1969
1912,circle20,2290
1912,circle20,2485
1912,circle20,2165
1912,circle20,2088
1912,circle20,2392
1912,circle20,2410
1912,circle20,2348
1912,circle20,2584
1912,circle20,2043
1912,circle20,2347
1912,circle20,2563
1912,circle20,2271
1912,circle20,1984
1912,circle20,2526
1912,circle20,2216
1912,circle20,2258
1912,circle20,2064
1912,circle20,2492
1912,circle20,2244
1912,circle20,2300
1912,circle20,2353
1912,circle20,2504
1912,circle20,2630
1912,circle20,2090
1912,circle20,2590
1912,circle20,2430
1912,circle20,2278
1912,circle20,2446
1912,circle20,2103
1912,circle20,2478
1912,circle20,2520
1912,circle20,2329
1912,circle20,2136
1912,circle20,2600
1912,circle20,2189
1912,circle20,1929
1912,circle20,2423
1912,circle20,2007
1912,circle20,2578
1912,circle20,2234
1912,circle20,2288
1912,circle20,2115
1912,circle20,2253
1912,circle20,1971
1912,circle20,2604
1912,circle20,2449
1912,circle20,2147
1912,circle20,2606
1912,circle20,2414
1912,circle20,1983
1912,circle20,2299
1912,circle20,1997
1912,circle20,2266
1912,circle20,2293
1912,circle20,2033
1912,circle20,2074
1912,circle20,2098
1912,circle20,2602
1912,circle20,2220
1912,circle20,1966
1912,circle20,2067
1912,circle20,2654
1912,circle20,2460
1912,circle20,2124
1912,circle20,2109
1912,circle20,2048
1912,circle20,1941
1912,circle20,2201
1912,circle20,2267
1912,circle20,2576
1912,circle20,2619
1912,circle20,2564
1912,circle20,2409
1912,circle20,2482
1912,circle20,2623
1912,circle20,2309
1912,circle20,2206
1912,circle20,2539
1912,circle20,2631
1912,circle20,2370
1912,circle20,2359
1912,circle20,2059
1912,circle20,2404
1912,circle20,2326
1912,circle20,2574
1912,circle20,2037
1912,circle20,2601
1912,circle20,2646
1912,circle20,2095
1912,circle20,2188
1912,circle20,2433
1912,circle20,2307
1912,circle20,2083
1912,circle20,2323
1912,circle20,2354
1912,circle20,2376
1912,circle20,2340
1912,circle20,2150
1912,circle20,2468
1912,circle21,2394
1912,circle21,2282
1912,circle21,2072
1912,circle21,2110
1912,circle21,2458
1912,circle21,2053
1912,circle21,2075
1912,circle21,2294
1912,circle21,2054
1912,circle21,2479
1912,circle21,2177
1912,circle21,2384
1912,circle21,2509
1912,circle21,2221
1912,circle21,2377
1912,circle21,2652
1912,circle21,2501
1912,circle21,2003
1912,circle21,2451
1912,circle21,2161
1912,circle21,2511
1912,circle21,2333
1912,circle21,2438
1912,circle21,2002
1912,circle21,2222
1912,circle21,563
1912,circle21,2415
1912,circle21,1981
1912,circle21,2280
1912,circle21,1947
1912,circle21,1939
1912,circle21,2252
1912,circle21,2344
1912,circle21,2396
1912,circle21,2132
1912,circle21,2235
1912,circle21,2432
1912,circle21,2062
1912,circle21,2328
1912,circle21,2568
1912,circle21,2434
1912,circle21,2081
1912,circle21,2301
1912,circle21,2327
1912,circle21,2399
1912,circle21,428
1912,circle21,1970
1912,circle21,1967
1912,circle21,2111
1912,circle21,58
1912,circle21,2274
1912,circle21,2603
1912,circle21,2101
1912,circle21,1959
1912,circle21,2199
1912,circle21,2096
1912,circle21,2617
1912,circle21,2390
1912,circle21,2243
1912,circle21,2537
1912,circle22,2283
1912,circle23,2283
1912,circle23,2431
1912,circle23,2321
1912,circle23,2114
1912,circle23,2034
1912,circle23,2260
1912,circle23,1952
1912,circle24,2106
1912,circle25,2106
1912,circle26,2241
1912,circle26,1985
1912,circle26,2512
1912,circle26,2062
1912,circle26,1959
1912,circle27,2398
1912,circle27,2320
1912,circle27,2259
1912,circle27,2622
1912,circle27,2349
1912,circle27,2426
1912,circle27,2513
1912,circle27,2444
1912,circle27,2486
1912,circle27,2255
1912,circle27,2170
1912,circle27,2515
1912,circle27,2401
1912,circle27,1992
1912,circle27,2399
1912,circle27,2650
1912,circle27,2466
1912,circle27,2076
1912,circle27,1988
1912,circle27,2376
1912,circle28,2468
1912,circle29,2057
1912,circle29,2385
1912,circle29,1987
1912,circle29,1959
1912,circle29,2215
1912,circle30,563
1912,circle30,428
1912,circle30,1967
1912,circle30,58
1912,circle31,1980
1912,circle31,2121
1912,circle31,1958
1912,circle31,1957
1912,circle31,2365
1912,circle31,2395
1912,circle31,2061
1912,circle31,2218
1912,circle31,2518
1912,circle31,1973
1912,circle31,1972
1912,circle31,1943
1912,circle31,2225
1912,circle31,2376
1912,circle32,2443
1912,circle32,2595
1912,circle32,2457
1912,circle32,2527
1912,circle32,2483
1912,circle32,2588
1912,circle33,2629
1912,circle33,2042
1912,circle33,2436
1912,circle33,2292
1912,circle33,2635
1912,circle33,2278
1912,circle33,2302
1912,circle33,2544
1912,circle33,2463
1912,circle33,136
1912,circle33,2143
1912,circle33,2128
1912,circle34,2535
1912,circle34,2481
1912,circle34,2570
1912,circle34,2094
1912,circle34,1961
1912,circle34,2245
1912,circle34,2126
1912,circle34,2301
1912,circle34,2167
1912,circle34,2487
1912,circle35,2598
1912,circle35,1577
1912,circle35,2292
1912,circle35,2268
1912,circle35,2518
1912,circle35,1961
1912,circle35,2491
1912,circle35,2081
1912,circle35,1465
1912,circle35,2149
1912,circle35,2128
1912,circle36,2402
1912,circle36,2099
1912,circle36,2605
1912,circle36,2413
1912,circle36,1956
1912,circle36,1915
1912,circle36,2066
1912,circle36,2517
1912,circle36,2422
1912,circle36,2177
1912,circle36,2263
1912,circle36,2371
1912,circle36,2256
1912,circle36,2057
1912,circle36,2529
1912,circle36,2026
1912,circle36,2445
1912,circle36,2502
1912,circle36,2431
1912,circle36,2534
1912,circle36,2082
1912,circle36,2524
1912,circle36,2531
1912,circle36,2227
1912,circle36,2614
1912,circle36,2454
1912,circle36,2349
1912,circle36,2400
1912,circle36,2113
1912,circle36,2513
1912,circle36,2358
1912,circle36,2632
1912,circle36,2441
1912,circle36,2129
1912,circle36,2389
1912,circle36,2010
1912,circle36,2345
1912,circle36,2497
1912,circle36,2450
1912,circle36,2100
1912,circle36,2065
1912,circle36,2291
1912,circle36,2355
1912,circle36,2251
1912,circle36,2252
1912,circle36,2298
1912,circle36,2036
1912,circle36,2270
1912,circle36,1987
1912,circle36,2312
1912,circle36,1977
1912,circle36,2249
1912,circle36,2448
1912,circle36,2295
1912,circle36,2628
1912,circle36,2230
1912,circle36,2051
1912,circle36,2544
1912,circle36,2568
1912,circle36,2169
1912,circle36,2514
1912,circle36,2288
1912,circle36,2214
1912,circle36,2130
1912,circle36,2530
1912,circle36,2449
1912,circle36,2067
1912,circle36,2265
1912,circle36,1952
1912,circle36,2137
1912,circle36,2488
1912,circle36,2528
1912,circle36,2215
1912,circle36,1913
1912,circle36,2128
1912,circle37,2003
1912,circle37,2222
1912,circle37,2415
1912,circle37,2318
1912,circle37,1970
1912,circle38,2394
1912,circle38,2367
1912,circle38,2336
1912,circle38,2282
1912,circle38,2138
1912,circle38,2283
1912,circle38,2072
1912,circle38,2629
1912,circle38,2398
1912,circle38,2458
1912,circle38,2571
1912,circle38,2053
1912,circle38,1920
1912,circle38,2125
1912,circle38,2047
1912,circle38,2176
1912,circle38,2294
1912,circle38,2533
1912,circle38,2054
1912,circle38,2567
1912,circle38,2543
1912,circle38,2304
1912,circle38,2332
1912,circle38,2194
1912,circle38,2592
1912,circle38,2250
1912,circle38,1718
1912,circle38,2384
1912,circle38,2642
1912,circle38,2594
1912,circle38,2187
1912,circle38,2377
1912,circle38,2148
1912,circle38,2241
1912,circle38,2445
1912,circle38,2183
1912,circle38,2451
1912,circle38,2224
1912,circle38,2068
1912,circle38,2511
1912,circle38,2419
1912,circle38,2372
1912,circle38,2333
1912,circle38,2259
1912,circle38,2598
1912,circle38,2209
1912,circle38,1945
1912,circle38,2438
1912,circle38,2516
1912,circle38,2597
1912,circle38,2475
1912,circle38,2042
1912,circle38,2608
1912,circle38,2010
1912,circle38,2087
1912,circle38,2247
1912,circle38,2519
1912,circle38,2246
1912,circle38,2471
1912,circle38,2582
1912,circle38,2436
1912,circle38,2191
1912,circle38,2223
1912,circle38,2273
1912,circle38,1577
1912,circle38,2153
1912,circle38,2589
1912,circle38,2555
1912,circle38,2292
1912,circle38,2635
1912,circle38,1955
1912,circle38,2280
1912,circle38,1923
1912,circle38,2028
1912,circle38,1947
1912,circle38,2268
1912,circle38,2038
1912,circle38,2151
1912,circle38,2649
1912,circle38,2135
1912,circle38,2196
1912,circle38,2279
1912,circle38,2347
1912,circle38,2203
1912,circle38,2289
1912,circle38,2416
1912,circle38,2643
1912,circle38,1954
1912,circle38,2319
1912,circle38,2351
1912,circle38,2102
1912,circle38,2254
1912,circle38,2420
1912,circle38,2473
1912,circle38,2472
1912,circle38,2328
1912,circle38,1932
1912,circle38,2302
1912,circle38,2189
1912,circle38,2498
1912,circle38,2117
1912,circle38,2169
1912,circle38,2007
1912,circle38,2174
1912,circle38,2491
1912,circle38,2463
1912,circle38,2461
1912,circle38,2081
1912,circle38,2163
1912,circle38,1994
1912,circle38,2071
1912,circle38,1465
1912,circle38,2032
1912,circle38,136
1912,circle38,2052
1912,circle38,2338
1912,circle38,2134
1912,circle38,2399
1912,circle38,2343
1912,circle38,2111
1912,circle38,2274
1912,circle38,2315
1912,circle38,1941
1912,circle38,2127
1912,circle38,2199
1912,circle38,2133
1912,circle38,1948
1912,circle38,2616
1912,circle38,2610
1912,circle38,2143
1912,circle38,2149
1912,circle38,2039
1912,circle38,2496
1912,circle39,2344
1912,circle39,2289
1912,circle39,2328
1912,circle39,2468
1912,circle40,2054
1912,circle40,2642
1912,circle40,2653
1912,circle40,2241
1912,circle40,2598
1912,circle40,1945
1912,circle40,2273
1912,circle40,2609
1912,circle40,2151
1912,circle40,2102
1912,circle40,2032
1912,circle40,2052
1912,circle40,2465
1912,circle40,2144
1912,circle40,2599
1912,circle41,2367
1912,circle41,2402
1912,circle41,2440
1912,circle41,1949
1912,circle41,2456
1912,circle41,2119
1912,circle41,2634
1912,circle41,2411
1912,circle41,2452
1912,circle41,2540
1912,circle41,2047
1912,circle41,2176
1912,circle41,2455
1912,circle41,2049
1912,circle41,2286
1912,circle41,2186
1912,circle41,2424
1912,circle41,2181
1912,circle41,2080
1912,circle41,2017
1912,circle41,1915
1912,circle41,2397
1912,circle41,2031
1912,circle41,1933
1912,circle41,2382
1912,circle41,2178
1912,circle41,2204
1912,circle41,1937
1912,circle41,2642
1912,circle41,2238
1912,circle41,2371
1912,circle41,2120
1912,circle41,2160
1912,circle41,2029
1912,circle41,2373
1912,circle41,2541
1912,circle41,2314
1912,circle41,2437
1912,circle41,2403
1912,circle41,2523
1912,circle41,2008
1912,circle41,2534
1912,circle41,2082
1912,circle41,2342
1912,circle41,2227
1912,circle41,2310
1912,circle41,2587
1912,circle41,2614
1912,circle41,2419
1912,circle41,2175
1912,circle41,2162
1912,circle41,2277
1912,circle41,2209
1912,circle41,2321
1912,circle41,2228
1912,circle41,2013
1912,circle41,2569
1912,circle41,2105
1912,circle41,1936
1912,circle41,2158
1912,circle41,2357
1912,circle41,2322
1912,circle41,1990
1912,circle41,1996
1912,circle41,1964
1912,circle41,2557
1912,circle41,2632
1912,circle41,2581
1912,circle41,1922
1912,circle41,2562
1912,circle41,2129
1912,circle41,2412
1912,circle41,2566
1912,circle41,2570
1912,circle41,1930
1912,circle41,2360
1912,circle41,2152
1912,circle41,2379
1912,circle41,2345
1912,circle41,2656
1912,circle41,2318
1912,circle41,2089
1912,circle41,2366
1912,circle41,2155
1912,circle41,2497
1912,circle41,2362
1912,circle41,2659
1912,circle41,2193
1912,circle41,2141
1912,circle41,2242
1912,circle41,1923
1912,circle41,1934
1912,circle41,2232
1912,circle41,2038
1912,circle41,2023
1912,circle41,2316
1912,circle41,2251
1912,circle41,2236
1912,circle41,2525
1912,circle41,2035
1912,circle41,2637
1912,circle41,2272
1912,circle41,2085
1912,circle41,2341
1912,circle41,1965
1912,circle41,1944
1912,circle41,2156
1912,circle41,2289
1912,circle41,2416
1912,circle41,2036
1912,circle41,2335
1912,circle41,2618
1912,circle41,2317
1912,circle41,2361
1912,circle41,2106
1912,circle41,2421
1912,circle41,2388
1912,circle41,2503
1912,circle41,2126
1912,circle41,1960
1912,circle41,2565
1912,circle41,2448
1912,circle41,2313
1912,circle41,2406
1912,circle41,2580
1912,circle41,2628
1912,circle41,2473
1912,circle41,2612
1912,circle41,2474
1912,circle41,2182
1912,circle41,2577
1912,circle41,2168
1912,circle41,2051
1912,circle41,2498
1912,circle41,2197
1912,circle41,2117
1912,circle41,2174
1912,circle41,2114
1912,circle41,2231
1912,circle41,2130
1912,circle41,2034
1912,circle41,2041
1912,circle41,2260
1912,circle41,1926
1912,circle41,2070
1912,circle41,2480
1912,circle41,2145
1912,circle41,2603
1912,circle41,2173
1912,circle41,2091
1912,circle41,2133
1912,circle41,2610
1912,circle41,2325
1912,circle41,2146
1912,circle41,2248
1912,circle41,2405
1912,circle41,2331
1912,circle41,2211
1912,circle41,1975
1912,circle41,2296
1912,circle41,1978
1912,circle42,2250
1912,circle42,2384
1912,circle42,2529
1912,circle42,2531
1912,circle42,2372
1912,circle42,2400
1912,circle42,2389
1912,circle42,2355
1912,circle42,1976
1912,circle42,2203
1912,circle42,2312
1912,circle42,2319
1912,circle42,2616
1912,circle42,1913
1912,circle43,2598
1912,circle43,2459
1912,circle43,2470
1912,circle43,2134
1912,circle44,2586
1912,circle44,2073
1912,circle44,2575
1912,circle44,2229
1912,circle44,1984
1912,circle44,2244
1912,circle44,2619
1912,circle44,2433
1912,circle45,2453
1912,circle45,2505
1912,circle45,1974
1912,circle45,2208
1912,circle45,2651
348,circle0,513
348,circle0,475
348,circle0,388
348,circle0,373
348,circle0,431
348,circle0,463
348,circle0,461
348,circle0,517
348,circle0,400
348,circle0,391
348,circle0,450
348,circle0,500
348,circle0,452
348,circle0,366
348,circle0,414
348,circle0,408
348,circle0,525
348,circle0,524
348,circle0,387
348,circle0,376
348,circle1,378
348,circle1,526
348,circle1,449
348,circle1,412
348,circle1,536
348,circle1,439
348,circle1,446
348,circle1,509
348,circle1,489
348,circle1,398
348,circle1,419
348,circle1,513
348,circle1,405
348,circle1,554
348,circle1,475
348,circle1,396
348,circle1,520
348,circle1,458
348,circle1,533
348,circle1,540
348,circle1,438
348,circle1,568
348,circle1,388
348,circle1,356
348,circle1,469
348,circle1,442
348,circle1,502
348,circle1,361
348,circle1,528
348,circle1,571
348,circle1,553
348,circle1,373
348,circle1,565
348,circle1,514
348,circle1,558
348,circle1,415
348,circle1,508
348,circle1,497
348,circle1,432
348,circle1,375
348,circle1,493
348,circle1,477
348,circle1,504
348,circle1,478
348,circle1,445
348,circle1,537
348,circle1,354
348,circle1,431
348,circle1,473
348,circle1,547
348,circle1,560
348,circle1,532
348,circle1,529
348,circle1,463
348,circle1,484
348,circle1,494
348,circle1,451
348,circle1,420
348,circle1,461
348,circle1,392
348,circle1,436
348,circle1,485
348,circle1,516
348,circle1,491
348,circle1,506
348,circle1,362
348,circle1,544
348,circle1,481
348,circle1,426
348,circle1,466
348,circle1,517
348,circle1,372
348,circle1,519
348,circle1,535
348,circle1,462
348,circle1,570
348,circle1,352
348,circle1,355
348,circle1,390
348,circle1,417
348,circle1,363
348,circle1,522
348,circle1,421
348,circle1,476
348,circle1,400
348,circle1,424
348,circle1,542
348,circle1,487
348,circle1,402
348,circle1,534
348,circle1,397
348,circle1,391
348,circle1,566
348,circle1,551
348,circle1,395
348,circle1,437
348,circle1,512
348,circle1,381
348,circle1,470
348,circle1,450
348,circle1,500
348,circle1,353
348,circle1,367
348,circle1,371
348,circle1,380
348,circle1,482
348,circle1,569
348,circle1,409
348,circle1,495
348,circle1,559
348,circle1,452
348,circle1,366
348,circle1,567
348,circle1,433
348,circle1,414
348,circle1,408
348,circle1,518
348,circle1,499
348,circle1,511
348,circle1,521
348,circle1,456
348,circle1,510
348,circle1,360
348,circle1,539
348,circle1,465
348,circle1,394
348,circle1,555
348,circle1,349
348,circle1,389
348,circle1,428
348,circle1,369
348,circle1,525
348,circle1,435
348,circle1,440
348,circle1,455
348,circle1,548
348,circle1,460
348,circle1,505
348,circle1,531
348,circle1,563
348,circle1,488
348,circle1,459
348,circle1,486
348,circle1,492
348,circle1,538
348,circle1,543
348,circle1,530
348,circle1,453
348,circle1,557
348,circle1,359
348,circle1,472
348,circle1,523
348,circle1,403
348,circle1,490
348,circle1,524
348,circle1,406
348,circle1,527
348,circle1,410
348,circle1,416
348,circle1,507
348,circle1,467
348,circle1,474
348,circle1,413
348,circle1,423
348,circle1,407
348,circle1,374
348,circle1,404
348,circle1,545
348,circle1,387
348,circle1,368
348,circle1,496
348,circle1,379
348,circle1,572
348,circle1,515
348,circle1,480
348,circle1,541
348,circle1,377
348,circle1,376
348,circle1,385
348,circle1,448
348,circle1,457
348,circle1,357
348,circle1,503
348,circle1,483
348,circle1,434
348,circle1,429
348,circle1,546
348,circle1,430
348,circle1,370
348,circle1,479
348,circle1,471
348,circle1,561
348,circle1,418
348,circle1,350
348,circle1,382
348,circle1,422
348,circle1,383
348,circle1,562
348,circle1,425
348,circle1,556
348,circle1,444
348,circle2,526
348,circle2,536
348,circle2,398
348,circle2,419
348,circle2,375
348,circle2,493
348,circle2,431
348,circle2,484
348,circle2,494
348,circle2,462
348,circle2,352
348,circle2,395
348,circle2,512
348,circle2,409
348,circle2,408
348,circle2,511
348,circle2,456
348,circle2,525
348,circle2,440
348,circle2,538
348,circle2,404
348,circle2,368
348,circle2,503
348,circle2,479
348,circle2,561
348,circle3,508
348,circle3,478
348,circle3,534
348,circle3,349
348,circle3,434
348,circle4,549
348,circle4,558
348,circle4,173
348,circle4,198
348,circle4,427
348,circle4,428
348,circle4,563
348,circle4,34
348,circle4,480
348,circle5,509
348,circle5,419
348,circle5,554
348,circle5,469
348,circle5,477
348,circle5,485
348,circle5,516
348,circle5,424
348,circle5,397
348,circle5,551
348,circle5,381
348,circle5,380
348,circle5,518
348,circle5,389
348,circle5,435
348,circle5,505
348,circle5,563
348,circle5,459
348,circle5,486
348,circle5,457
348,circle5,357
348,circle6,198
348,circle6,501
348,circle6,476
348,circle6,454
348,circle6,351
348,circle6,441
348,circle6,364
348,circle6,564
348,circle6,399
348,circle6,393
348,circle6,447
348,circle6,358
348,circle7,378
348,circle7,449
348,circle7,513
348,circle7,405
348,circle7,533
348,circle7,504
348,circle7,426
348,circle7,421
348,circle7,433
348,circle7,510
348,circle7,369
348,circle7,455
348,circle7,563
348,circle7,543
348,circle7,407
348,circle7,471
348,circle7,561
348,circle7,350
348,circle8,378
348,circle8,449
348,circle8,412
348,circle8,439
348,circle8,446
348,circle8,405
348,circle8,475
348,circle8,520
348,circle8,568
348,circle8,502
348,circle8,478
348,circle8,431
348,circle8,420
348,circle8,461
348,circle8,436
348,circle8,491
348,circle8,544
348,circle8,570
348,circle8,522
348,circle8,534
348,circle8,397
348,circle8,391
348,circle8,367
348,circle8,414
348,circle8,369
348,circle8,525
348,circle8,455
348,circle8,548
348,circle8,531
348,circle8,563
348,circle8,492
348,circle8,523
348,circle8,490
348,circle8,527
348,circle8,474
348,circle8,545
348,circle8,541
348,circle8,376
348,circle8,471
348,circle8,561
348,circle8,425
348,circle9,415
348,circle9,445
348,circle9,473
348,circle9,560
348,circle9,463
348,circle9,362
348,circle9,535
348,circle9,542
348,circle9,371
348,circle9,495
348,circle9,460
348,circle9,413
348,circle9,448
348,circle10,468
348,circle10,411
348,circle10,498
348,circle10,453
348,circle11,549
348,circle11,378
348,circle11,526
348,circle11,412
348,circle11,536
348,circle11,439
348,circle11,446
348,circle11,398
348,circle11,419
348,circle11,513
348,circle11,475
348,circle11,520
348,circle11,458
348,circle11,438
348,circle11,388
348,circle11,553
348,circle11,373
348,circle11,565
348,circle11,514
348,circle11,558
348,circle11,415
348,circle11,508
348,circle11,497
348,circle11,432
348,circle11,493
348,circle11,445
348,circle11,537
348,circle11,431
348,circle11,473
348,circle11,173
348,circle11,198
348,circle11,560
348,circle11,463
348,circle11,484
348,circle11,494
348,circle11,451
348,circle11,420
348,circle11,461
348,circle11,392
348,circle11,436
348,circle11,506
348,circle11,362
348,circle11,544
348,circle11,517
348,circle11,535
348,circle11,462
348,circle11,570
348,circle11,352
348,circle11,390
348,circle11,417
348,circle11,363
348,circle11,421
348,circle11,400
348,circle11,542
348,circle11,487
348,circle11,402
348,circle11,391
348,circle11,566
348,circle11,395
348,circle11,512
348,circle11,450
348,circle11,500
348,circle11,353
348,circle11,365
348,circle11,427
348,circle11,371
348,circle11,482
348,circle11,569
348,circle11,409
348,circle11,495
348,circle11,559
348,circle11,452
348,circle11,366
348,circle11,567
348,circle11,414
348,circle11,408
348,circle11,511
348,circle11,521
348,circle11,456
348,circle11,360
348,circle11,465
348,circle11,394
348,circle11,428
348,circle11,525
348,circle11,460
348,circle11,563
348,circle11,488
348,circle11,492
348,circle11,538
348,circle11,523
348,circle11,524
348,circle11,527
348,circle11,416
348,circle11,507
348,circle11,413
348,circle11,423
348,circle11,374
348,circle11,404
348,circle11,545
348,circle11,387
348,circle11,368
348,circle11,34
348,circle11,496
348,circle11,515
348,circle11,376
348,circle11,448
348,circle11,503
348,circle11,483
348,circle11,434
348,circle11,430
348,circle11,370
348,circle11,479
348,circle11,471
348,circle11,561
348,circle11,425
348,circle11,556
348,circle11,444
348,circle12,432
348,circle12,451
348,circle12,420
348,circle12,421
348,circle12,569
348,circle12,465
348,circle12,563
348,circle12,416
348,circle12,430
348,circle13,526
348,circle13,449
348,circle13,412
348,circle13,489
348,circle13,475
348,circle13,396
348,circle13,458
348,circle13,533
348,circle13,438
348,circle13,568
348,circle13,388
348,circle13,361
348,circle13,528
348,circle13,553
348,circle13,565
348,circle13,514
348,circle13,558
348,circle13,497
348,circle13,432
348,circle13,504
348,circle13,354
348,circle13,547
348,circle13,463
348,circle13,506
348,circle13,544
348,circle13,481
348,circle13,372
348,circle13,519
348,circle13,570
348,circle13,355
348,circle13,390
348,circle13,363
348,circle13,402
348,circle13,397
348,circle13,566
348,circle13,470
348,circle13,450
348,circle13,500
348,circle13,367
348,circle13,482
348,circle13,452
348,circle13,521
348,circle13,510
348,circle13,360
348,circle13,555
348,circle13,455
348,circle13,548
348,circle13,460
348,circle13,531
348,circle13,488
348,circle13,543
348,circle13,530
348,circle13,557
348,circle13,359
348,circle13,523
348,circle13,403
348,circle13,410
348,circle13,507
348,circle13,474
348,circle13,374
348,circle13,545
348,circle13,496
348,circle13,515
348,circle13,480
348,circle13,541
348,circle13,376
348,circle13,546
348,circle13,370
348,circle13,418
348,circle13,382
348,circle13,562
348,circle13,444
686,circle0,783
686,circle0,717
686,circle0,837
686,circle0,843
686,circle0,797
686,circle0,728
686,circle0,831
686,circle0,803
686,circle0,823
686,circle0,705
686,circle0,763
686,circle0,820
686,circle0,748
686,circle0,824
686,circle0,745
686,circle0,856
686,circle0,697
686,circle0,804
686,circle0,730
686,circle0,709
686,circle0,849
686,circle0,719
686,circle0,737
686,circle0,755
686,circle0,817
686,circle0,836
686,circle0,765
686,circle0,716
686,circle0,769
686,circle0,782
686,circle0,747
686,circle0,774
686,circle0,770
686,circle0,718
686,circle0,841
686,circle0,792
686,circle0,720
686,circle0,781
686,circle0,808
686,circle0,838
686,circle0,764
686,circle0,819
686,circle0,807
686,circle0,708
686,circle0,840
686,circle0,698
686,circle0,852
686,circle0,780
686,circle0,814
686,circle0,809
686,circle0,687
686,circle0,828
686,circle0,830
686,circle0,754
686,circle0,759
686,circle0,739
686,circle0,827
686,circle0,815
686,circle0,700
686,circle0,758
686,circle0,787
686,circle0,798
686,circle0,779
686,circle0,835
686,circle0,703
686,circle0,790
686,circle0,741
686,circle0,793
686,circle0,832
686,circle0,812
686,circle0,805
686,circle0,775
686,circle1,722
686,circle1,771
686,circle1,768
686,circle1,782
686,circle1,747
686,circle1,813
686,circle1,746
686,circle1,854
686,circle1,733
686,circle1,786
686,circle1,789
686,circle1,698
686,circle1,691
686,circle1,806
686,circle1,742
686,circle1,850
686,circle1,757
686,circle1,833
686,circle1,736
686,circle1,816
686,circle1,743
686,circle2,776
686,circle2,722
686,circle2,788
686,circle2,796
686,circle2,823
686,circle2,725
686,circle2,707
686,circle2,856
686,circle2,771
686,circle2,782
686,circle2,818
686,circle2,746
686,circle2,732
686,circle2,802
686,circle2,699
686,circle2,702
686,circle2,733
686,circle2,819
686,circle2,714
686,circle2,786
686,circle2,789
686,circle2,698
686,circle2,712
686,circle2,806
686,circle2,810
686,circle2,822
686,circle2,833
686,circle2,839
686,circle2,689
686,circle2,791
686,circle2,767
686,circle3,796
686,circle3,729
686,circle3,710
686,circle3,735
686,circle3,769
686,circle3,761
686,circle3,762
686,circle3,825
686,circle3,692
686,circle3,811
686,circle3,850
686,circle3,753
686,circle3,715
686,circle4,783
686,circle4,837
686,circle4,843
686,circle4,797
686,circle4,728
686,circle4,772
686,circle4,803
686,circle4,823
686,circle4,705
686,circle4,820
686,circle4,853
686,circle4,824
686,circle4,745
686,circle4,856
686,circle4,697
686,circle4,752
686,circle4,821
686,circle4,730
686,circle4,709
686,circle4,849
686,circle4,777
686,circle4,719
686,circle4,737
686,circle4,695
686,circle4,755
686,circle4,845
686,circle4,817
686,circle4,693
686,circle4,836
686,circle4,701
686,circle4,716
686,circle4,747
686,circle4,731
686,circle4,774
686,circle4,770
686,circle4,718
686,circle4,834
686,circle4,760
686,circle4,800
686,circle4,792
686,circle4,720
686,circle4,781
686,circle4,706
686,circle4,808
686,circle4,713
686,circle4,838
686,circle4,694
686,circle4,764
686,circle4,847
686,circle4,819
686,circle4,688
686,circle4,807
686,circle4,708
686,circle4,840
686,circle4,773
686,circle4,844
686,circle4,698
686,circle4,724
686,circle4,810
686,circle4,778
686,circle4,780
686,circle4,766
686,circle4,814
686,circle4,809
686,circle4,687
686,circle4,828
686,circle4,830
686,circle4,754
686,circle4,739
686,circle4,827
686,circle4,726
686,circle4,815
686,circle4,758
686,circle4,787
686,circle4,798
686,circle4,779
686,circle4,835
686,circle4,696
686,circle4,703
686,circle4,790
686,circle4,741
686,circle4,793
686,circle4,812
686,circle4,805
686,circle5,705
686,circle5,851
686,circle5,698
686,circle5,828
686,circle5,798
686,circle6,783
686,circle6,823
686,circle6,705
686,circle6,745
686,circle6,697
686,circle6,818
686,circle6,774
686,circle6,800
686,circle6,781
686,circle6,764
686,circle6,708
686,circle6,789
686,circle6,698
686,circle6,721
686,circle6,809
686,circle6,811
686,circle6,805
686,circle7,801
686,circle7,744
686,circle7,785
686,circle7,846
686,circle7,841
686,circle7,749
686,circle7,759
686,circle7,739
686,circle7,815
686,circle7,775
686,circle8,823
686,circle8,705
686,circle8,856
686,circle8,697
686,circle8,704
686,circle8,752
686,circle8,836
686,circle8,747
686,circle8,774
686,circle8,770
686,circle8,841
686,circle8,706
686,circle8,749
686,circle8,708
686,circle8,698
686,circle8,750
686,circle8,809
686,circle8,811
686,circle8,739
686,circle8,757
686,circle8,827
686,circle8,815
686,circle8,758
686,circle8,798
686,circle8,740
686,circle8,790
686,circle8,775
686,circle9,734
686,circle9,722
686,circle9,772
686,circle9,788
686,circle9,796
686,circle9,725
686,circle9,784
686,circle9,853
686,circle9,729
686,circle9,824
686,circle9,707
686,circle9,697
686,circle9,704
686,circle9,756
686,circle9,752
686,circle9,849
686,circle9,848
686,circle9,777
686,circle9,719
686,circle9,695
686,circle9,755
686,circle9,845
686,circle9,817
686,circle9,701
686,circle9,771
686,circle9,716
686,circle9,769
686,circle9,744
686,circle9,785
686,circle9,768
686,circle9,782
686,circle9,731
686,circle9,813
686,circle9,799
686,circle9,818
686,circle9,774
686,circle9,770
686,circle9,746
686,circle9,732
686,circle9,760
686,circle9,846
686,circle9,802
686,circle9,800
686,circle9,699
686,circle9,854
686,circle9,792
686,circle9,702
686,circle9,781
686,circle9,713
686,circle9,723
686,circle9,694
686,circle9,764
686,circle9,733
686,circle9,826
686,circle9,847
686,circle9,714
686,circle9,688
686,circle9,786
686,circle9,708
686,circle9,762
686,circle9,789
686,circle9,698
686,circle9,738
686,circle9,724
686,circle9,691
686,circle9,712
686,circle9,721
686,circle9,690
686,circle9,806
686,circle9,810
686,circle9,751
686,circle9,780
686,circle9,766
686,circle9,814
686,circle9,822
686,circle9,742
686,circle9,828
686,circle9,830
686,circle9,850
686,circle9,727
686,circle9,753
686,circle9,827
686,circle9,726
686,circle9,815
686,circle9,842
686,circle9,798
686,circle9,711
686,circle9,794
686,circle9,833
686,circle9,736
686,circle9,835
686,circle9,795
686,circle9,839
686,circle9,696
686,circle9,816
686,circle9,743
686,circle9,689
686,circle9,791
686,circle9,829
686,circle9,767
686,circle9,805
686,circle10,717
686,circle10,852
686,circle10,798
686,circle10,855
686,circle11,705
686,circle11,725
686,circle11,771
686,circle11,818
686,circle11,802
686,circle11,702
686,circle11,714
686,circle11,691
686,circle11,806
686,circle11,822
686,circle11,850
686,circle11,839
686,circle11,791
686,circle11,805
686,circle12,783
686,circle12,797
686,circle12,728
686,circle12,803
686,circle12,705
686,circle12,763
686,circle12,820
686,circle12,745
686,circle12,821
686,circle12,730
686,circle12,849
686,circle12,719
686,circle12,737
686,circle12,755
686,circle12,836
686,circle12,716
686,circle12,747
686,circle12,799
686,circle12,770
686,circle12,841
686,circle12,720
686,circle12,781
686,circle12,808
686,circle12,826
686,circle12,708
686,circle12,698
686,circle12,814
686,circle12,809
686,circle12,739
686,circle12,827
686,circle12,758
686,circle12,787
686,circle12,798
686,circle12,790
686,circle12,741
686,circle12,793
686,circle12,832
686,circle13,783
686,circle13,717
686,circle13,837
686,circle13,843
686,circle13,728
686,circle13,772
686,circle13,823
686,circle13,705
686,circle13,824
686,circle13,745
686,circle13,856
686,circle13,697
686,circle13,801
686,circle13,821
686,circle13,709
686,circle13,719
686,circle13,737
686,circle13,755
686,circle13,836
686,circle13,716
686,circle13,747
686,circle13,800
686,circle13,702
686,circle13,781
686,circle13,808
686,circle13,749
686,circle13,838
686,circle13,694
686,circle13,708
686,circle13,789
686,circle13,698
686,circle13,852
686,circle13,780
686,circle13,814
686,circle13,809
686,circle13,822
686,circle13,828
686,circle13,827
686,circle13,815
686,circle13,758
686,circle13,787
686,circle13,798
686,circle13,779
686,circle13,835
686,circle13,790
686,circle13,791
686,circle13,812
686,circle13,805
686,circle13,855
107,circle0,1043
107,circle0,1045
107,circle0,1030
107,circle0,1252
107,circle0,1254
107,circle0,1368
107,circle0,1197
107,circle0,955
107,circle0,1111
107,circle0,1384
107,circle1,1410
107,circle1,1144
107,circle1,950
107,circle1,1385
107,circle1,1174
107,circle1,1087
107,circle1,563
107,circle1,1684
107,circle1,1676
107,circle1,1555
107,circle1,1549
107,circle1,389
107,circle1,1013
107,circle1,1251
107,circle1,1031
107,circle1,1421
107,circle2,1469
107,circle2,1504
107,circle2,1727
107,circle2,1183
107,circle2,1052
107,circle2,1807
107,circle2,913
107,circle2,1263
107,circle2,1690
107,circle2,1035
107,circle2,1531
107,circle2,1699
107,circle2,1444
107,circle2,1738
107,circle2,1745
107,circle2,1760
107,circle2,1429
107,circle2,987
107,circle2,1542
107,circle3,1320
107,circle3,1616
107,circle3,1025
107,circle3,976
107,circle3,651
107,circle3,1237
107,circle3,1223
107,circle3,566
107,circle3,1881
107,circle3,1080
107,circle3,0
107,circle3,1142
107,circle3,517
107,circle3,1155
107,circle3,1408
107,circle3,563
107,circle3,1692
107,circle3,1684
107,circle3,914
107,circle3,348
107,circle3,915
107,circle3,420
107,circle3,363
107,circle3,1487
107,circle3,606
107,circle3,1766
107,circle3,1549
107,circle3,366
107,circle3,1113
107,circle3,1679
107,circle3,1882
107,circle3,428
107,circle3,58
107,circle3,1114
107,circle3,1574
107,circle3,1332
107,circle3,1387
107,circle3,1767
107,circle3,1179
107,circle4,1177
107,circle4,1896
107,circle4,1053
107,circle4,1138
107,circle4,1057
107,circle4,1403
107,circle4,979
107,circle4,1016
107,circle4,1664
107,circle4,1607
107,circle5,1231
107,circle5,1060
107,circle5,1727
107,circle5,1099
107,circle5,1227
107,circle5,1158
107,circle5,1891
107,circle5,1635
107,circle5,1423
107,circle5,1691
107,circle5,1120
107,circle5,1413
107,circle5,1115
107,circle5,1215
107,circle5,1436
107,circle5,1899
107,circle5,1143
107,circle5,1381
107,circle5,1682
107,circle5,1257
107,circle5,1872
107,circle5,1036
107,circle5,1018
107,circle5,1875
107,circle5,1379
107,circle5,1418
107,circle5,1859
107,circle5,1261
107,circle5,1636
107,circle5,1828
107,circle5,1808
107,circle5,1448
107,circle5,1591
107,circle5,971
107,circle5,1515
107,circle5,1848
107,circle5,1015
107,circle6,526
107,circle6,1539
107,circle6,1579
107,circle6,1642
107,circle6,1852
107,circle6,1317
107,circle6,1585
107,circle6,1736
107,circle6,1554
107,circle6,1603
107,circle6,1572
107,circle6,946
107,circle6,1553
107,circle6,1191
107,circle6,1666
107,circle6,1547
107,circle6,1288
107,circle6,1494
107,circle6,929
107,circle6,1722
107,circle6,990
107,circle6,1329
107,circle6,1050
107,circle6,1048
107,circle6,1805
107,circle6,1182
107,circle6,1799
107,circle6,983
107,circle6,1195
107,circle6,1594
107,circle6,1144
107,circle6,1092
107,circle6,1112
107,circle6,927
107,circle6,925
107,circle6,1600
107,circle6,1146
107,circle6,1597
107,circle6,1584
107,circle6,1851
107,circle6,1198
107,circle6,1435
107,circle6,1619
107,circle6,1181
107,circle6,1184
107,circle6,1107
107,circle6,1724
107,circle6,1845
107,circle6,950
107,circle6,1344
107,circle6,1523
107,circle6,1054
107,circle6,1836
107,circle6,1140
107,circle6,1593
107,circle6,1827
107,circle6,1752
107,circle6,1522
107,circle6,1708
107,circle6,1367
107,circle6,1377
107,circle6,1608
107,circle6,1519
107,circle6,1116
107,circle6,1126
107,circle6,1641
107,circle6,1842
107,circle6,1726
107,circle6,1174
107,circle6,1026
107,circle6,1088
107,circle6,1087
107,circle6,1219
107,circle6,952
107,circle6,1073
107,circle6,1398
107,circle6,1735
107,circle6,980
107,circle6,1447
107,circle6,951
107,circle6,1620
107,circle6,1823
107,circle6,1132
107,circle6,1039
107,circle6,1272
107,circle6,1789
107,circle6,1678
107,circle6,1613
107,circle6,1612
107,circle6,1361
107,circle6,1411
107,circle6,1761
107,circle6,1793
107,circle6,1669
107,circle6,1172
107,circle6,1135
107,circle6,1886
107,circle6,1557
107,circle6,1098
107,circle6,1819
107,circle6,1540
107,circle6,1480
107,circle6,1750
107,circle6,967
107,circle6,1321
107,circle6,1391
107,circle6,1034
107,circle6,1422
107,circle6,1902
107,circle6,1049
107,circle6,1477
107,circle6,982
107,circle6,1151
107,circle6,1161
107,circle6,1029
107,circle6,1561
107,circle6,1271
107,circle6,1484
107,circle6,1559
107,circle6,1178
107,circle6,1697
107,circle6,1791
107,circle6,1683
107,circle6,1101
107,circle6,947
107,circle6,1803
107,circle6,978
107,circle6,1517
107,circle6,1588
107,circle6,1817
107,circle6,1293
107,circle6,1008
107,circle6,1684
107,circle6,1509
107,circle6,1653
107,circle6,1278
107,circle6,1710
107,circle6,961
107,circle6,1637
107,circle6,922
107,circle6,1242
107,circle6,920
107,circle6,1753
107,circle6,1846
107,circle6,1290
107,circle6,1058
107,circle6,1795
107,circle6,1470
107,circle6,1076
107,circle6,934
107,circle6,1250
107,circle6,1676
107,circle6,1617
107,circle6,1351
107,circle6,1614
107,circle6,1883
107,circle6,1369
107,circle6,1700
107,circle6,991
107,circle6,1719
107,circle6,1535
107,circle6,1746
107,circle6,921
107,circle6,1352
107,circle6,1441
107,circle6,1405
107,circle6,1376
107,circle6,1555
107,circle6,1460
107,circle6,1123
107,circle6,1416
107,circle6,1467
107,circle6,1644
107,circle6,1843
107,circle6,1079
107,circle6,1006
107,circle6,1074
107,circle6,1513
107,circle6,1792
107,circle6,1449
107,circle6,1450
107,circle6,1085
107,circle6,1458
107,circle6,1305
107,circle6,966
107,circle6,1128
107,circle6,1774
107,circle6,1867
107,circle6,1757
107,circle6,1380
107,circle6,414
107,circle6,1888
107,circle6,1730
107,circle6,1420
107,circle6,1758
107,circle6,1145
107,circle6,1086
107,circle6,1485
107,circle6,1149
107,circle6,1737
107,circle6,1800
107,circle6,1675
107,circle6,1003
107,circle6,1714
107,circle6,1056
107,circle6,916
107,circle6,996
107,circle6,1075
107,circle6,1769
107,circle6,1589
107,circle6,1796
107,circle6,1238
107,circle6,1431
107,circle6,1124
107,circle6,1471
107,circle6,1330
107,circle6,1702
107,circle6,1668
107,circle6,1721
107,circle6,906
107,circle6,1544
107,circle6,1610
107,circle6,1390
107,circle6,1084
107,circle6,1243
107,circle6,1865
107,circle6,1863
107,circle6,1765
107,circle6,1521
107,circle6,1201
107,circle6,926
107,circle6,1534
107,circle6,1701
107,circle6,1698
107,circle6,1532
107,circle6,1402
107,circle6,1663
107,circle6,1360
107,circle6,1809
107,circle6,1301
107,circle6,1528
107,circle6,1211
107,circle6,1209
107,circle6,1900
107,circle6,1365
107,circle6,1835
107,circle6,1291
107,circle6,1652
107,circle6,1689
107,circle6,1813
107,circle6,1838
107,circle6,1505
107,circle6,1089
107,circle6,1165
107,circle6,1524
107,circle6,1445
107,circle6,1283
107,circle6,1659
107,circle6,1312
107,circle6,1214
107,circle6,1623
107,circle6,1622
107,circle6,1327
107,circle6,1267
107,circle6,1269
107,circle6,923
107,circle6,1580
107,circle6,1816
107,circle6,1779
107,circle6,1251
107,circle6,1197
107,circle6,1861
107,circle6,1558
107,circle6,1193
107,circle6,1017
107,circle6,1375
107,circle6,1068
107,circle6,1643
107,circle6,1055
107,circle6,1069
107,circle6,1516
107,circle6,1877
107,circle6,1639
107,circle6,1811
107,circle6,1491
107,circle6,1520
107,circle6,1328
107,circle6,1551
107,circle6,1031
107,circle6,1717
107,circle6,1028
107,circle6,1833
107,circle6,1688
107,circle6,1421
107,circle6,1059
107,circle6,1563
107,circle6,1626
107,circle6,1564
107,circle6,1537
107,circle6,1723
107,circle6,1265
107,circle6,908
107,circle6,1110
107,circle6,1339
107,circle6,1384
107,circle6,1334
107,circle6,1621
107,circle6,1077
107,circle7,1658
107,circle7,1001
107,circle7,968
107,circle7,1337
107,circle7,1897
107,circle7,1439
107,circle7,1395
107,circle7,1562
107,circle7,922
107,circle7,1821
107,circle7,1133
107,circle7,1814
107,circle7,912
107,circle7,1442
107,circle7,1038
107,circle7,1769
107,circle7,1618
107,circle7,1657
107,circle7,1062
107,circle7,1818
107,circle7,1301
107,circle7,1012
107,circle7,1885
107,circle7,899
107,circle7,1780
107,circle7,908
107,circle7,1262
107,circle8,1097
107,circle8,938
107,circle8,1137
107,circle8,1118
107,circle8,1319
107,circle8,1747
107,circle8,903
107,circle8,1548
107,circle8,1424
107,circle8,1533
107,circle8,1468
107,circle8,1733
107,circle8,1568
107,circle8,992
107,circle8,1378
107,circle8,1232
107,circle8,1798
107,circle8,1363
107,circle8,958
107,circle8,963
107,circle8,1784
107,circle8,910
107,circle8,1186
107,circle8,1837
107,circle8,1371
107,circle8,1895
107,circle8,1216
107,circle8,1601
107,circle8,1787
107,circle8,901
107,circle8,1880
107,circle8,1629
107,circle8,1452
107,circle8,1333
107,circle8,1314
1684,circle0,2900
1684,circle0,3077
1684,circle0,2934
1684,circle0,3186
1684,circle0,2870
1684,circle0,3162
1684,circle0,3207
1684,circle0,2947
1684,circle0,3001
1684,circle0,3118
1684,circle0,3177
1684,circle0,3410
1684,circle0,2990
1684,circle0,2860
1684,circle0,3420
1684,circle0,3176
1684,circle0,3356
1684,circle0,2775
1684,circle0,2739
1684,circle0,3371
1684,circle0,3191
1684,circle0,2696
1684,circle0,3018
1684,circle0,2724
1684,circle0,2728
1684,circle0,3007
1684,circle0,3068
1684,circle0,3412
1684,circle0,2711
1684,circle0,3019
1684,circle0,2951
1684,circle0,2737
1684,circle0,2892
1684,circle0,3002
1684,circle0,3366
1684,circle0,2830
1684,circle0,3223
1684,circle0,1405
1684,circle0,2779
1684,circle0,3379
1684,circle0,2962
1684,circle0,2662
1684,circle0,2682
1684,circle0,3415
1684,circle0,3295
1684,circle0,2829
1684,circle0,2820
1684,circle0,3334
1684,circle0,3210
1684,circle0,3103
1684,circle0,2713
1684,circle0,2671
1684,circle0,3285
1684,circle0,3069
1684,circle0,3086
1684,circle0,3244
1684,circle0,3273
1684,circle0,2995
1684,circle0,3154
1684,circle0,3100
1684,circle0,3246
1684,circle0,2845
1684,circle0,3203
1684,circle0,3346
1684,circle0,3359
1684,circle0,3168
1684,circle0,3233
1684,circle0,2697
1684,circle0,3062
1684,circle0,3241
1684,circle1,860
1684,circle1,2885
1684,circle1,2814
1684,circle1,2717
1684,circle1,2838
1684,circle1,2740
1684,circle1,2704
1684,circle1,3003
1684,circle1,58
1684,circle1,3290
1684,circle1,171
1684,circle2,2785
1684,circle2,3175
1684,circle2,3111
1684,circle2,2849
1684,circle2,2708
1684,circle2,3013
1684,circle2,3272
1684,circle2,3224
1684,circle2,2992
1684,circle2,3079
1684,circle2,3386
1684,circle2,2904
1684,circle2,2797
1684,circle2,3360
1684,circle2,2833
1684,circle2,2778
1684,circle2,2875
1684,circle2,3422
1684,circle2,3434
1684,circle2,2869
1684,circle2,2720
1684,circle2,3396
1684,circle2,3206
1684,circle2,2793
1684,circle2,3145
1684,circle2,3101
1684,circle2,3194
1684,circle2,3291
1684,circle2,3046
1684,circle2,3316
1684,circle2,3116
1684,circle2,2881
1684,circle2,3039
1684,circle2,2684
1684,circle2,3005
1684,circle2,3297
1684,circle2,3017
1684,circle2,3403
1684,circle2,3146
1684,circle2,3021
1684,circle2,3252
1684,circle2,3247
1684,circle2,3299
1684,circle2,3188
1684,circle2,2863
1684,circle2,2973
1684,circle2,3060
1684,circle2,3355
1684,circle2,3115
1684,circle2,3391
1684,circle2,3262
1684,circle2,3306
1684,circle2,2716
1684,circle2,2672
1684,circle2,3204
1684,circle2,3152
1684,circle2,3179
1684,circle2,3411
1684,circle2,3381
1684,circle2,2936
1684,circle2,3170
1684,circle2,3201
1684,circle2,3367
1684,circle2,3192
1684,circle2,3051
1684,circle2,3209
1684,circle2,2989
1684,circle2,3254
1684,circle2,2753
1684,circle2,3280
1684,circle2,2765
1684,circle2,3287
1684,circle2,3106
1684,circle2,3344
1684,circle2,2733
1684,circle2,2901
1684,circle2,3313
1684,circle2,2783
1684,circle2,2846
1684,circle2,3350
1684,circle2,3198
1684,circle2,3197
1684,circle2,2742
1684,circle2,3298
1684,circle2,3239
1684,circle2,3288
1684,circle2,3352
1684,circle2,3419
1684,circle2,3109
1684,circle2,3058
1684,circle2,3321
1684,circle2,2970
1684,circle2,3172
1684,circle2,3132
1684,circle2,2976
1684,circle2,3112
1684,circle2,3281
1684,circle2,3038
1684,circle2,3332
1684,circle2,3353
1684,circle2,3182
1684,circle2,3082
1684,circle2,3267
1684,circle2,3320
1684,circle2,3397
1684,circle2,3212
1684,circle2,3225
1684,circle2,3049
1684,circle2,3185
1684,circle2,3240
1684,circle2,3076
1684,circle2,2965
1684,circle2,2687
1684,circle2,3102
1684,circle2,3274
1684,circle2,2674
1684,circle2,2840
1684,circle2,3011
1684,circle2,2894
1684,circle2,3120
1684,circle2,3406
1684,circle2,3113
1684,circle2,2770
1684,circle2,2719
1684,circle2,2991
1684,circle2,3041
1684,circle2,2937
1684,circle2,3260
1684,circle2,2701
1684,circle2,3378
1684,circle2,3347
1684,circle2,3296
1684,circle2,2828
1684,circle2,2661
1684,circle2,3089
1684,circle2,3357
1684,circle2,3070
1684,circle2,3261
1684,circle2,2748
1684,circle2,3351
1684,circle2,3377
1684,circle2,3345
1684,circle2,3169
1684,circle2,3035
1684,circle2,3416
1684,circle2,2780
1684,circle2,3150
1684,circle2,3148
1684,circle2,3016
1684,circle2,3277
1684,circle2,2939
1684,circle2,2796
1684,circle2,3265
1684,circle3,2694
1684,circle3,2787
1684,circle4,3006
1684,circle4,2767
1684,circle4,2722
1684,circle4,2964
1684,circle4,3401
1684,circle4,2707
1684,circle4,3270
1684,circle4,2808
1684,circle4,3338
1684,circle4,2926
1684,circle4,3376
1684,circle4,2842
1684,circle4,2975
1684,circle4,3408
1684,circle4,2857
1684,circle4,3425
1684,circle4,3427
1684,circle4,3421
1684,circle4,3121
1684,circle4,2980
1684,circle4,3157
1684,circle4,3370
1684,circle4,3094
1684,circle4,3133
1684,circle4,3328
1684,circle4,3159
1684,circle4,3402
1684,circle4,3031
1684,circle4,3429
1684,circle5,2893
1684,circle5,2858
1684,circle5,2736
1684,circle5,2762
1684,circle5,2841
1684,circle5,3221
1684,circle5,3389
1684,circle5,3327
1684,circle5,3248
1684,circle5,2804
1684,circle5,3190
1684,circle5,2771
1684,circle5,2954
1684,circle5,2781
1684,circle5,3424
1684,circle5,3214
1684,circle5,2898
1684,circle5,3383
1684,circle5,2836
1684,circle5,3275
1684,circle6,3028
1684,circle6,3368
1684,circle6,2714
1684,circle6,3155
1684,circle6,3063
1684,circle6,2933
1684,circle6,3012
1684,circle6,2805
1684,circle6,2983
1684,circle6,2922
1684,circle6,2997
1684,circle6,2935
1684,circle7,3167
1684,circle7,2921
1684,circle7,3236
1684,circle7,3048
1684,circle7,2758
1684,circle7,2747
1684,circle7,3393
1684,circle7,3323
1684,circle7,3256
1684,circle7,2878
1684,circle7,2795
1684,circle7,3050
1684,circle7,3196
1684,circle7,2675
1684,circle7,3156
1684,circle7,3107
1684,circle7,2918
1684,circle7,1726
1684,circle7,2996
1684,circle7,2955
1684,circle7,3136
1684,circle7,2831
1684,circle7,2816
1684,circle7,3369
1684,circle7,2723
1684,circle7,3027
1684,circle7,3279
1684,circle7,2950
1684,circle7,3337
1684,circle7,3380
1684,circle7,3043
1684,circle7,3307
1684,circle7,2844
1684,circle7,3276
1684,circle7,3253
1684,circle7,3409
1684,circle7,3404
1684,circle7,3075
1684,circle7,3067
1684,circle7,2865
1684,circle7,3151
1684,circle7,3249
1684,circle7,2843
1684,circle7,2772
1684,circle7,2751
1684,circle7,2686
1684,circle7,2932
1684,circle7,2718
1684,circle7,3358
1684,circle7,2730
1684,circle7,3171
1684,circle7,3032
1684,circle7,3365
1684,circle7,3312
1684,circle7,2744
1684,circle7,3134
1684,circle7,3140
1684,circle7,3199
1684,circle7,2702
1684,circle7,3385
1684,circle7,3093
1684,circle7,3418
1684,circle7,2715
1684,circle7,3264
1684,circle7,2768
1684,circle7,2665
1684,circle7,2871
1684,circle7,2801
1684,circle7,2984
1684,circle7,3189
1684,circle7,2914
1684,circle7,2825
1684,circle7,3160
1684,circle7,3144
1684,circle7,2668
1684,circle7,3087
1684,circle7,3187
1684,circle7,3255
1684,circle7,2780
1684,circle7,3219
1684,circle7,3395
1684,circle7,3326
1684,circle7,3124
1684,circle8,2941
1684,circle8,1642
1684,circle8,3329
1684,circle8,1666
1684,circle8,2727
1684,circle8,990
1684,circle8,3072
1684,circle8,2734
1684,circle8,3057
1684,circle8,2700
1684,circle8,3242
1684,circle8,3342
1684,circle8,2895
1684,circle8,3407
1684,circle8,2678
1684,circle8,3164
1684,circle8,107
1684,circle8,3024
1684,circle8,1726
1684,circle8,3302
1684,circle8,2688
1684,circle8,3263
1684,circle8,3373
1684,circle8,3099
1684,circle8,1656
1684,circle8,2791
1684,circle8,3097
1684,circle8,2667
1684,circle8,2859
1684,circle8,2822
1684,circle8,2690
1684,circle8,3340
1684,circle8,2848
1684,circle8,3161
1684,circle8,3431
1684,circle8,3349
1684,circle8,3278
1684,circle8,2802
1684,circle8,3020
1684,circle8,2784
1684,circle8,3215
1684,circle8,2764
1684,circle8,2813
1684,circle8,3178
1684,circle8,2971
1684,circle8,3015
1684,circle8,2677
1684,circle8,2968
1684,circle8,3330
1684,circle8,2752
1684,circle8,1450
1684,circle8,2883
1684,circle8,3331
1684,circle8,2998
1684,circle8,1758
1684,circle8,3375
1684,circle8,3374
1684,circle8,2958
1684,circle8,3211
1684,circle8,2826
1684,circle8,2803
1684,circle8,2999
1684,circle8,3110
1684,circle8,3222
1684,circle8,2868
1684,circle8,1419
1684,circle8,2693
1684,circle8,3009
1684,circle8,3319
1684,circle8,1534
1684,circle8,3305
1684,circle8,3165
1684,circle8,3011
1684,circle8,3432
1684,circle8,2818
1684,circle8,3088
1684,circle8,3245
1684,circle8,2903
1684,circle8,2760
1684,circle8,3343
1684,circle8,1505
1684,circle8,2847
1684,circle8,2819
1684,circle8,2876
1684,circle8,2735
1684,circle8,2923
1684,circle8,3258
1684,circle8,2812
1684,circle8,2882
1684,circle8,3138
1684,circle8,3230
1684,circle8,3292
1684,circle8,3335
1684,circle8,2780
1684,circle8,3205
1684,circle8,2790
1684,circle8,2856
1684,circle8,3361
1684,circle9,3105
1684,circle9,3141
1684,circle9,2902
1684,circle9,3354
1684,circle9,3053
1684,circle9,3271
1684,circle9,2930
1684,circle9,3131
1684,circle9,3216
1684,circle9,3251
1684,circle9,3181
1684,circle9,3372
1684,circle9,2732
1684,circle9,3200
1684,circle9,2788
1684,circle9,3180
1684,circle9,3122
1684,circle9,2799
1684,circle9,2861
1684,circle9,2776
1684,circle9,3218
1684,circle10,3173
1684,circle10,2915
1684,circle10,2866
1684,circle11,2972
1684,circle11,2889
1684,circle11,3311
1684,circle11,2982
1684,circle11,2699
1684,circle11,3309
1684,circle11,3283
1684,circle11,2670
1684,circle11,3314
1684,circle11,3325
1684,circle11,2879
1684,circle11,3423
1684,circle11,2834
1684,circle11,2703
1684,circle11,3318
1684,circle11,2959
1684,circle11,3382
1684,circle11,3008
1684,circle12,2979
1684,circle12,3071
1684,circle12,3328
1684,circle13,3061
1684,circle13,3081
1684,circle13,3398
1684,circle13,3405
1684,circle13,2957
1684,circle13,3308
1684,circle13,3011
1684,circle13,2685
1684,circle13,3266
1684,circle14,2777
1684,circle14,3294
1684,circle14,2754
1684,circle14,2729
1684,circle14,2676
1684,circle14,2794
1684,circle14,2766
1684,circle14,3227
1684,circle14,2906
1684,circle14,2809
1684,circle14,2759
1684,circle14,2773
1684,circle14,3137
1684,circle14,3220
1684,circle14,2905
1684,circle14,2862
1684,circle14,2948
1684,circle14,3193
1684,circle14,3114
1684,circle14,3084
1684,circle14,3384
1684,circle14,2698
1684,circle14,2749
1684,circle14,2757
1684,circle14,2931
1684,circle14,2994
1684,circle14,3303
1684,circle14,3142
1684,circle14,2666
1684,circle14,3104
1684,circle14,3392
1684,circle14,3228
1684,circle14,3250
1684,circle14,3243
1684,circle14,3085
1684,circle14,2663
1684,circle14,3362
1684,circle14,2907
1684,circle14,2731
1684,circle14,2890
1684,circle14,2851
1684,circle14,2815
1684,circle14,2827
1684,circle14,3339
1684,circle14,2680
1684,circle14,2706
1684,circle14,2669
1684,circle14,3095
1684,circle14,2837
1684,circle14,3348
1684,circle14,3026
1684,circle14,2908
1684,circle14,2925
1684,circle14,3300
1684,circle14,2987
1684,circle14,2741
1684,circle14,3010
1684,circle14,3153
1684,circle14,3213
1684,circle14,2888
1684,circle14,3044
1684,circle14,2726
1684,circle14,3045
1684,circle14,2944
1684,circle14,2806
1684,circle14,2943
1684,circle14,2689
1684,circle14,3414
1684,circle14,3184
1684,circle14,3387
1684,circle14,2874
1684,circle14,2769
1684,circle14,2873
1684,circle14,3399
1684,circle14,3014
1684,circle14,3388
1684,circle14,3195
1684,circle14,3108
1684,circle14,3363
1684,circle14,3435
1684,circle14,2920
1684,circle14,2867
1684,circle14,3119
1684,circle14,2807
1684,circle14,3123
1684,circle14,2899
1684,circle14,3158
1684,circle14,2961
1684,circle14,3033
1684,circle14,3394
1684,circle14,2877
1684,circle14,2927
1684,circle14,2928
1684,circle14,3056
1684,circle14,3135
1684,circle14,2755
1684,circle14,3428
1684,circle14,3430
1684,circle14,3029
1684,circle14,3400
1684,circle14,2940
1684,circle14,2695
1684,circle14,3237
1684,circle14,3301
1684,circle14,2953
1684,circle14,2864
1684,circle14,3293
1684,circle14,2952
1684,circle14,2956
1684,circle14,3234
1684,circle14,2850
1684,circle14,3417
1684,circle14,3129
1684,circle14,2909
1684,circle14,2763
1684,circle14,2854
1684,circle14,2681
1684,circle14,2966
1684,circle14,3143
1684,circle14,2821
1684,circle14,2738
1684,circle14,2705
1684,circle14,2896
1684,circle14,2756
1684,circle14,3436
1684,circle14,2945
1684,circle14,2832
1684,circle14,2786
1684,circle14,2985
1684,circle14,3040
1684,circle14,2800
1684,circle14,2911
1684,circle14,2839
1684,circle14,2743
1684,circle14,2884
1684,circle14,3364
1684,circle14,3117
1684,circle14,3042
1684,circle14,3231
1684,circle14,2761
1684,circle14,3324
1684,circle14,3286
1684,circle14,3092
1684,circle14,3000
1684,circle14,3090
1684,circle14,2978
1684,circle14,2750
1684,circle14,2872
1684,circle14,2897
1684,circle14,3163
1684,circle14,2694
1684,circle14,2835
1684,circle14,2683
1684,circle14,3202
1684,circle14,2852
1684,circle14,2673
1684,circle14,3078
1684,circle14,3052
1684,circle14,3183
1684,circle14,2887
1684,circle14,2988
1684,circle14,3226
1684,circle14,2912
1684,circle14,2782
1684,circle14,3333
1684,circle14,2853
1684,circle14,3055
1684,circle14,2810
1684,circle14,3257
1684,circle14,3269
1684,circle14,3098
1684,circle14,2969
1684,circle14,2746
1684,circle14,2880
1684,circle14,2910
1684,circle14,3174
1684,circle14,2913
1684,circle14,3390
1684,circle14,3030
1684,circle14,2917
1684,circle14,3232
1684,circle14,2993
1684,circle14,2946
1684,circle14,3315
1684,circle14,3064
1684,circle14,3065
1684,circle14,3004
1684,circle14,2789
1684,circle14,3023
1684,circle14,3139
1684,circle14,3080
1684,circle14,3229
1684,circle14,3317
1684,circle14,3073
1684,circle14,2974
1684,circle14,2710
1684,circle14,2798
1684,circle14,3238
1684,circle14,3304
1684,circle14,3166
1684,circle14,2679
1684,circle14,3096
1684,circle14,3433
1684,circle14,2745
1684,circle14,3284
1684,circle14,2929
1684,circle14,2960
1684,circle14,2981
1684,circle14,3413
1684,circle14,2924
1684,circle14,3426
1684,circle14,2963
1684,circle14,3047
1684,circle14,3130
1684,circle14,3025
1684,circle14,2967
1684,circle14,3022
1684,circle14,3036
1684,circle14,2919
1684,circle14,2916
1684,circle14,3059
1684,circle14,2986
1684,circle14,2664
1684,circle14,3054
1684,circle14,2891
1684,circle15,2949
1684,circle15,3128
1684,circle15,1171
1684,circle15,3126
1684,circle15,2886
1684,circle15,3083
1684,circle15,3310
1684,circle15,3322
1684,circle15,3066
1684,circle15,3336
1684,circle16,2774
1684,circle16,3074
1684,circle16,2792
1684,circle16,2691
1684,circle16,2817
1684,circle16,3127
1684,circle16,3282
1684,circle16,3147
1684,circle16,3055
1684,circle16,3037
3980,circle0,3989
3980,circle0,4009
3980,circle1,4010
3980,circle1,4037
3980,circle2,4013
3980,circle3,4024
3980,circle3,3987
3980,circle3,4015
3980,circle4,4006
3980,circle5,4035
3980,circle6,3999
3980,circle6,4028
3980,circle6,4005
3980,circle6,3996
3980,circle6,4031
3980,circle6,4018
3980,circle6,3994
3980,circle6,4002
3980,circle6,4032
3980,circle6,3991
3980,circle6,3981
3980,circle6,3998
3980,circle6,4036
3980,circle6,4023
3980,circle6,3997
3980,circle6,4011
3980,circle6,4019
3980,circle6,594
3980,circle6,4027
3980,circle6,4008
3980,circle6,4020
3980,circle6,4034
3980,circle7,3984
3980,circle8,3988
3980,circle8,4030
3980,circle8,4026
3980,circle8,4021
3980,circle9,3983
3980,circle9,3992
3980,circle9,4033
3980,circle9,4017
3980,circle9,4000
3980,circle9,3986
3980,circle10,3990
3980,circle10,4007
3980,circle10,4016
3980,circle10,4025
3980,circle11,4001
3980,circle11,4029
3980,circle12,4012
3980,circle13,4038
3980,circle14,4014
3980,circle15,3982
3980,circle16,4003
3980,circle16,3995
3980,circle16,3993
3980,circle16,4004
3980,circle16,3985
0,circle0,71
0,circle0,215
0,circle0,54
0,circle0,61
0,circle0,298
0,circle0,229
0,circle0,81
0,circle0,253
0,circle0,193
0,circle0,97
0,circle0,264
0,circle0,29
0,circle0,132
0,circle0,110
0,circle0,163
0,circle0,259
0,circle0,183
0,circle0,334
0,circle0,245
0,circle0,222
0,circle1,173
0,circle2,155
0,circle2,99
0,circle2,327
0,circle2,140
0,circle2,116
0,circle2,147
0,circle2,144
0,circle2,150
0,circle2,270
0,circle3,51
0,circle3,83
0,circle3,237
0,circle4,125
0,circle4,344
0,circle4,295
0,circle4,257
0,circle4,55
0,circle4,122
0,circle4,223
0,circle4,59
0,circle4,268
0,circle4,280
0,circle4,84
0,circle4,156
0,circle4,258
0,circle4,236
0,circle4,250
0,circle4,239
0,circle4,69
0,circle5,23
0,circle6,337
0,circle6,289
0,circle6,93
0,circle6,17
0,circle6,111
0,circle6,52
0,circle6,137
0,circle6,343
0,circle6,192
0,circle6,35
0,circle6,326
0,circle6,310
0,circle6,214
0,circle6,32
0,circle6,115
0,circle6,321
0,circle6,209
0,circle6,312
0,circle6,41
0,circle6,20
0,circle7,225
0,circle7,46
0,circle8,282
0,circle9,336
0,circle9,204
0,circle9,74
0,circle9,206
0,circle9,292
0,circle9,146
0,circle9,154
0,circle9,164
0,circle9,279
0,circle9,73
0,circle10,42
0,circle10,14
0,circle10,216
0,circle10,2
0,circle11,324
0,circle11,265
0,circle11,54
0,circle11,161
0,circle11,298
0,circle11,76
0,circle11,165
0,circle11,199
0,circle11,203
0,circle11,13
0,circle11,66
0,circle11,113
0,circle11,97
0,circle11,252
0,circle11,313
0,circle11,238
0,circle11,158
0,circle11,240
0,circle11,331
0,circle11,332
0,circle11,134
0,circle11,218
0,circle11,118
0,circle11,235
0,circle11,311
0,circle11,151
0,circle11,308
0,circle11,212
0,circle11,70
0,circle11,211
0,circle12,278
0,circle13,138
0,circle13,131
0,circle13,68
0,circle13,143
0,circle13,86
0,circle14,175
0,circle14,227
0,circle15,108
0,circle15,208
0,circle15,251
0,circle15,125
0,circle15,325
0,circle15,176
0,circle15,133
0,circle15,276
0,circle15,198
0,circle15,271
0,circle15,288
0,circle15,316
0,circle15,96
0,circle15,246
0,circle15,347
0,circle15,121
0,circle15,7
0,circle15,3
0,circle15,170
0,circle15,323
0,circle15,56
0,circle15,338
0,circle15,23
0,circle15,109
0,circle15,141
0,circle15,67
0,circle15,345
0,circle15,55
0,circle15,114
0,circle15,122
0,circle15,50
0,circle15,304
0,circle15,318
0,circle15,65
0,circle15,15
0,circle15,45
0,circle15,317
0,circle15,322
0,circle15,26
0,circle15,31
0,circle15,168
0,circle15,124
0,circle15,285
0,circle15,255
0,circle15,129
0,circle15,40
0,circle15,172
0,circle15,274
0,circle15,95
0,circle15,207
0,circle15,128
0,circle15,339
0,circle15,233
0,circle15,1
0,circle15,294
0,circle15,280
0,circle15,224
0,circle15,269
0,circle15,256
0,circle15,60
0,circle15,328
0,circle15,189
0,circle15,146
0,circle15,77
0,circle15,196
0,circle15,64
0,circle15,286
0,circle15,89
0,circle15,22
0,circle15,39
0,circle15,190
0,circle15,281
0,circle15,117
0,circle15,38
0,circle15,213
0,circle15,135
0,circle15,197
0,circle15,291
0,circle15,21
0,circle15,315
0,circle15,261
0,circle15,47
0,circle15,36
0,circle15,186
0,circle15,169
0,circle15,342
0,circle15,49
0,circle15,9
0,circle15,16
0,circle15,185
0,circle15,219
0,circle15,123
0,circle15,72
0,circle15,309
0,circle15,103
0,circle15,157
0,circle15,277
0,circle15,105
0,circle15,139
0,circle15,148
0,circle15,248
0,circle15,341
0,circle15,62
0,circle15,98
0,circle15,63
0,circle15,297
0,circle15,242
0,circle15,10
0,circle15,152
0,circle15,236
0,circle15,308
0,circle15,82
0,circle15,87
0,circle15,136
0,circle15,200
0,circle15,183
0,circle15,247
0,circle15,290
0,circle15,303
0,circle15,319
0,circle15,6
0,circle15,314
0,circle15,104
0,circle15,127
0,circle15,25
0,circle15,69
0,circle15,171
0,circle15,119
0,circle15,79
0,circle15,340
0,circle15,301
0,circle15,188
0,circle15,142
0,circle16,251
0,circle16,94
0,circle16,330
0,circle16,5
0,circle16,34
0,circle16,299
0,circle16,254
0,circle16,24
0,circle16,180
0,circle16,194
0,circle16,281
0,circle16,101
0,circle16,266
0,circle16,135
0,circle16,197
0,circle16,173
0,circle16,36
0,circle16,9
0,circle16,85
0,circle16,57
0,circle16,37
0,circle16,258
0,circle16,309
0,circle16,80
0,circle16,139
0,circle16,202
0,circle16,187
0,circle16,249
0,circle16,58
0,circle16,127
0,circle16,48
0,circle16,92
0,circle17,90
0,circle17,52
0,circle17,172
0,circle17,126
0,circle17,294
0,circle17,179
0,circle17,145
0,circle17,105
0,circle17,210
0,circle18,177
0,circle19,93
0,circle19,33
0,circle19,333
0,circle19,17
0,circle19,137
0,circle19,44
0,circle19,343
0,circle19,326
0,circle19,214
0,circle19,115
0,circle19,312
0,circle19,41
0,circle19,20
0,circle20,244
0,circle20,282
0,circle20,262
0,circle20,293
0,circle20,220
0,circle20,174
0,circle21,12
0,circle22,267
0,circle23,28
0,circle23,149
0,circle23,162
698,circle0,828
698,circle0,830
698,circle0,708
698,circle0,713
698,circle0,840
698,circle0,803
698,circle0,747
698,circle0,774
698,circle0,823
698,circle0,745
698,circle0,856
698,circle0,697
698,circle0,719
698,circle1,882
698,circle1,863
698,circle1,888
698,circle1,753
698,circle1,729
698,circle1,864
698,circle1,884
698,circle1,878
698,circle1,825
698,circle1,876
698,circle1,886
698,circle1,889
698,circle1,856
698,circle1,875
698,circle1,893
698,circle1,804
698,circle2,828
698,circle2,708
698,circle2,880
698,circle2,800
698,circle2,772
698,circle2,840
698,circle2,774
698,circle2,823
698,circle2,810
698,circle2,745
698,circle2,856
698,circle2,697
698,circle2,805
698,circle3,882
698,circle3,863
698,circle3,888
698,circle3,729
698,circle3,878
698,circle3,876
698,circle3,886
698,circle3,889
698,circle3,856
698,circle3,875
698,circle3,804
698,circle4,774
698,circle4,856
698,circle5,879
698,circle5,870
698,circle5,858
698,circle5,871
698,circle5,881
698,circle5,866
698,circle5,895
698,circle6,862
698,circle6,776
698,circle6,857
698,circle7,876
698,circle7,889
698,circle8,872
698,circle8,867
698,circle8,776
698,circle8,877
698,circle8,874
698,circle8,873
698,circle8,887
698,circle8,885
698,circle9,697
698,circle10,862
698,circle10,868
698,circle10,871
698,circle10,865
698,circle10,860
698,circle10,810
698,circle11,747
698,circle12,883
698,circle12,860
