user_id,is_ego,degree,circle_count,ego_network_count,primary_ego_id
0,1,2,1,2,0
1,0,16,1,1,0
2,0,9,1,1,0
3,0,16,1,1,0
4,0,9,0,1,0
5,0,12,1,1,0
6,0,5,1,1,0
7,0,19,1,1,0
8,0,7,0,1,0
9,0,56,2,1,0
10,0,9,1,1,0
11,0,0,0,1,0
12,0,0,1,1,0
13,0,30,1,1,0
14,0,14,1,1,0
15,0,0,1,1,0
16,0,8,1,1,0
17,0,12,2,1,0
18,0,0,0,1,0
19,0,15,0,1,0
20,0,14,2,1,0
21,0,64,1,1,0
22,0,10,1,1,0
23,0,16,2,1,0
24,0,15,1,1,0
25,0,68,1,1,0
26,0,67,1,1,0
27,0,4,0,1,0
28,0,12,1,1,0
29,0,12,1,1,0
30,0,16,0,1,0
31,0,22,1,1,0
32,0,5,1,1,0
33,0,1,1,1,0
34,0,4,3,3,0
35,0,1,1,1,0
36,0,10,2,1,0
37,0,0,1,1,0
38,0,8,1,1,0
39,0,14,1,1,0
40,0,43,1,1,0
41,0,23,2,1,0
42,0,1,1,1,0
43,0,0,0,1,0
44,0,5,1,1,0
45,0,11,1,1,0
46,0,4,1,1,0
47,0,1,1,1,0
48,0,21,1,1,0
49,0,3,1,1,0
50,0,10,1,1,0
51,0,6,1,1,0
52,0,1,2,1,0
53,0,30,0,1,0
54,0,7,2,1,0
55,0,16,2,1,0
56,0,77,1,1,0
57,0,14,1,1,0
58,0,11,5,4,0
59,0,18,1,1,0
60,0,7,1,1,0
61,0,2,1,1,0
62,0,25,1,1,0
63,0,5,1,1,0
64,0,6,1,1,0
65,0,11,1,1,0
66,0,14,1,1,0
67,0,75,1,1,0
68,0,8,1,1,0
69,0,9,2,1,0
70,0,1,1,1,0
71,0,2,1,1,0
72,0,23,1,1,0
73,0,9,1,1,0
74,0,0,1,1,0
75,0,13,0,1,0
76,0,2,1,1,0
77,0,5,1,1,0
78,0,8,0,1,0
79,0,11,1,1,0
80,0,22,1,1,0
81,0,2,1,1,0
82,0,33,1,1,0
83,0,6,1,1,0
84,0,12,1,1,0
85,0,13,1,1,0
86,0,5,1,1,0
87,0,12,1,1,0
88,0,19,0,1,0
89,0,7,1,1,0
90,0,1,1,1,0
91,0,7,0,1,0
92,0,20,1,1,0
93,0,7,2,1,0
94,0,21,1,1,0
95,0,5,1,1,0
96,0,8,1,1,0
97,0,2,2,1,0
98,0,48,1,1,0
99,0,12,1,1,0
100,0,8,0,1,0
101,0,18,1,1,0
102,0,5,0,1,0
103,0,15,1,1,0
104,0,31,1,1,0
105,0,13,2,1,0
106,0,7,0,1,0
107,1,25,4,4,0
108,0,12,1,1,0
109,0,36,1,1,0
110,0,4,1,1,0
111,0,13,1,1,0
112,0,2,0,1,0
113,0,39,1,1,0
114,0,0,1,1,0
115,0,20,2,1,0
116,0,16,1,1,0
117,0,5,1,1,0
118,0,35,1,1,0
119,0,61,1,1,0
120,0,3,0,1,0
121,0,11,1,1,0
122,0,62,2,1,0
123,0,17,1,1,0
124,0,3,1,1,0
125,0,3,2,1,0
126,0,6,1,1,0
127,0,15,2,1,0
128,0,27,1,1,0
129,0,6,1,1,0
130,0,15,0,1,0
131,0,6,1,1,0
132,0,15,1,1,0
133,0,17,1,1,0
134,0,18,1,1,0
135,0,9,2,1,0
136,0,131,4,2,0
137,0,15,2,1,0
138,0,1,1,1,0
139,0,8,2,1,0
140,0,10,1,1,0
141,0,27,1,1,0
142,0,42,1,1,0
143,0,11,1,1,0
144,0,14,1,1,0
145,0,1,1,1,0
146,0,9,2,1,0
147,0,5,1,1,0
148,0,19,1,1,0
149,0,13,1,1,0
150,0,10,1,1,0
151,0,6,1,1,0
152,0,4,1,1,0
153,0,1,0,1,0
154,0,1,1,1,0
155,0,2,1,1,0
156,0,11,1,1,0
157,0,2,1,1,0
158,0,24,1,1,0
159,0,13,0,1,0
160,0,1,0,1,0
161,0,24,1,1,0
162,0,7,1,1,0
163,0,5,1,1,0
164,0,2,1,1,0
165,0,10,1,1,0
166,0,3,0,1,0
167,0,6,0,1,0
168,0,10,1,1,0
169,0,37,1,1,0
170,0,45,1,1,0
171,0,22,2,3,0
172,0,40,2,1,0
173,0,11,5,3,0
174,0,3,1,1,0
175,0,16,1,1,0
176,0,13,1,1,0
177,0,10,1,1,0
178,0,12,0,1,0
179,0,2,1,1,0
180,0,19,1,1,0
181,0,9,0,1,0
182,0,2,0,1,0
183,0,1,2,1,0
184,0,17,0,1,0
185,0,25,1,1,0
186,0,43,1,1,0
187,0,15,1,1,0
188,0,47,1,1,0
189,0,6,1,1,0
190,0,3,1,1,0
191,0,2,0,1,0
192,0,4,1,1,0
193,0,4,1,1,0
194,0,18,1,1,0
195,0,8,0,1,0
196,0,12,1,1,0
197,0,15,2,1,0
198,0,10,4,2,0
199,0,46,1,1,0
200,0,56,1,1,0
201,0,3,0,1,0
202,0,3,1,1,0
203,0,56,1,1,0
204,0,21,1,1,0
205,0,1,0,1,0
206,0,3,1,1,0
207,0,2,1,1,0
208,0,6,1,1,0
209,0,0,1,1,0
210,0,0,1,1,0
211,0,29,1,1,0
212,0,17,1,1,0
213,0,38,1,1,0
214,0,16,2,1,0
215,0,0,1,1,0
216,0,1,1,1,0
217,0,7,0,1,0
218,0,8,1,1,0
219,0,5,1,1,0
220,0,3,1,1,0
221,0,7,0,1,0
222,0,10,1,1,0
223,0,26,1,1,0
224,0,27,1,1,0
225,0,9,1,1,0
226,0,13,0,1,0
227,0,14,1,1,0
228,0,2,0,1,0
229,0,5,1,1,0
230,0,8,0,1,0
231,0,20,0,1,0
232,0,24,0,1,0
233,0,1,1,1,0
234,0,1,0,1,0
235,0,4,1,1,0
236,0,36,2,1,0
237,0,6,1,1,0
238,0,22,1,1,0
239,0,58,1,1,0
240,0,2,1,1,0
241,0,1,0,1,0
242,0,23,1,1,0
243,0,7,0,1,0
244,0,1,1,1,0
245,0,4,1,1,0
246,0,13,1,1,0
247,0,2,1,1,0
248,0,20,1,1,0
249,0,23,1,1,0
250,0,4,1,1,0
251,0,13,2,1,0
252,0,64,1,1,0
253,0,2,1,1,0
254,0,16,1,1,0
255,0,1,1,1,0
256,0,1,1,1,0
257,0,17,1,1,0
258,0,14,2,1,0
259,0,7,1,1,0
260,0,7,0,1,0
261,0,37,1,1,0
262,0,3,1,1,0
263,0,6,0,1,0
264,0,4,1,1,0
265,0,26,1,1,0
266,0,17,1,1,0
267,0,1,1,1,0
268,0,10,1,1,0
269,0,5,1,1,0
270,0,3,1,1,0
271,0,72,1,1,0
272,0,44,0,1,0
273,0,8,0,1,0
274,0,13,1,1,0
275,0,9,0,1,0
276,0,17,1,1,0
277,0,64,1,1,0
278,0,9,1,1,0
279,0,1,1,1,0
280,0,42,2,1,0
281,0,15,2,1,0
282,0,1,2,1,0
283,0,4,0,1,0
284,0,15,0,1,0
285,0,46,1,1,0
286,0,1,1,1,0
287,0,0,0,1,0
288,0,3,1,1,0
289,0,3,1,1,0
290,0,13,1,1,0
291,0,35,1,1,0
292,0,0,1,1,0
293,0,2,1,1,0
294,0,2,2,1,0
295,0,9,1,1,0
296,0,6,0,1,0
297,0,24,1,1,0
298,0,10,2,1,0
299,0,19,1,1,0
300,0,6,0,1,0
301,0,2,1,1,0
302,0,19,0,1,0
303,0,20,1,1,0
304,0,54,1,1,0
305,0,1,0,1,0
306,0,8,0,1,0
307,0,3,0,1,0
308,0,23,2,1,0
309,0,9,2,1,0
310,0,12,1,1,0
311,0,6,1,1,0
312,0,25,2,1,0
313,0,36,1,1,0
314,0,12,1,1,0
315,0,55,1,1,0
316,0,1,1,1,0
317,0,6,1,1,0
318,0,10,1,1,0
319,0,7,1,1,0
320,0,20,0,1,0
321,0,2,1,1,0
322,0,71,1,1,0
323,0,38,1,1,0
324,0,25,1,1,0
325,0,38,1,1,0
326,0,18,2,1,0
327,0,3,1,1,0
328,0,8,1,1,0
329,0,29,0,1,0
330,0,15,1,1,0
331,0,19,1,1,0
332,0,42,1,1,0
333,0,7,1,1,0
334,0,27,1,1,0
335,0,0,0,1,0
336,0,2,1,1,0
337,0,8,1,1,0
338,0,6,1,1,0
339,0,26,1,1,0
340,0,5,1,1,0
341,0,11,1,1,0
342,0,33,1,1,0
343,0,17,2,1,0
344,0,8,1,1,0
345,0,15,1,1,0
346,0,26,0,1,0
347,0,6,1,1,0
348,1,55,4,3,107
349,0,4,2,1,348
350,0,20,2,1,348
351,0,4,1,1,348
352,0,22,3,1,348
353,0,101,2,2,107
354,0,25,2,1,348
355,0,38,2,1,348
356,0,2,1,1,348
357,0,17,2,1,348
358,0,0,1,1,348
359,0,25,2,1,348
360,0,42,3,1,348
361,0,22,2,1,348
362,0,18,3,1,348
363,0,96,5,3,107
364,0,8,1,1,348
365,0,5,1,1,348
366,0,96,4,2,107
367,0,31,3,1,348
368,0,33,3,1,348
369,0,25,3,1,348
370,0,71,4,2,348
371,0,4,3,1,348
372,0,16,2,1,348
373,0,94,5,2,348
374,0,68,4,2,348
375,0,16,2,1,348
376,0,133,7,3,107
377,0,1,1,1,348
378,0,62,5,2,348
379,0,1,1,1,348
380,0,10,2,1,348
381,0,11,2,1,348
382,0,11,2,1,348
383,0,2,1,1,348
384,0,3,0,1,348
385,0,7,1,1,348
386,0,2,0,1,348
387,0,35,3,1,348
388,0,37,4,1,348
389,0,47,3,2,107
390,0,5,3,1,348
391,0,61,6,2,348
392,0,38,2,1,348
393,0,6,1,1,348
394,0,36,3,2,348
395,0,77,4,2,348
396,0,26,2,1,348
397,0,46,4,1,348
398,0,32,3,1,348
399,0,7,1,1,348
400,0,73,4,2,348
401,0,1,0,1,348
402,0,56,3,1,348
403,0,19,2,1,348
404,0,50,3,1,348
405,0,10,3,1,348
406,0,3,1,1,348
407,0,14,2,1,348
408,0,54,4,1,348
409,0,33,3,1,348
410,0,14,2,1,348
411,0,2,1,1,348
412,0,99,5,2,348
413,0,16,3,1,348
414,1,53,5,3,107
415,0,25,3,1,348
416,0,20,3,1,348
417,0,61,2,1,348
418,0,22,2,1,348
419,0,56,4,1,348
420,0,33,5,2,107
421,0,24,4,1,348
422,0,60,2,2,348
423,0,57,3,2,348
424,0,16,2,1,348
425,0,18,3,1,348
426,0,17,2,1,348
427,0,9,3,2,348
428,0,114,9,4,107
429,0,9,1,1,348
430,0,37,3,1,348
431,0,71,6,2,348
432,0,54,4,1,348
433,0,9,2,1,348
434,0,33,4,2,348
435,0,9,2,1,348
436,0,60,5,2,348
437,0,9,1,1,348
438,0,71,4,2,348
439,0,42,3,1,348
440,0,13,2,1,348
441,0,7,1,1,348
442,0,11,1,1,348
443,0,1,0,1,348
444,0,46,3,1,348
445,0,26,3,1,348
446,0,17,3,1,348
447,0,0,1,1,348
448,0,2,3,1,348
449,0,9,4,1,348
450,0,21,4,1,348
451,0,24,3,1,348
452,0,41,4,1,348
453,0,4,2,1,348
454,0,2,1,1,348
455,0,36,4,1,348
456,0,60,3,1,348
457,0,19,2,1,348
458,0,25,3,1,348
459,0,9,2,1,348
460,0,65,4,1,348
461,0,53,6,2,348
462,0,18,3,1,348
463,0,42,5,1,348
464,0,4,0,1,348
465,0,78,4,2,348
466,0,8,1,1,348
467,0,3,1,1,348
468,0,1,1,1,348
469,0,21,2,1,348
470,0,15,2,1,348
471,0,30,4,1,348
472,0,4,1,1,348
473,0,31,3,1,348
474,0,19,3,1,348
475,0,122,7,3,107
476,0,5,2,1,348
477,0,11,2,1,348
478,0,7,3,1,348
479,0,36,3,1,348
480,0,7,3,2,348
481,0,26,2,1,348
482,0,33,3,1,348
483,0,231,4,3,107
484,0,106,3,2,107
485,0,4,2,1,348
486,0,15,2,1,348
487,0,32,2,1,348
488,0,27,3,1,348
489,0,23,2,1,348
490,0,12,2,1,348
491,0,10,2,1,348
492,0,65,4,2,348
493,0,55,3,1,348
494,0,22,3,1,348
495,0,22,3,1,348
496,0,40,4,2,348
497,0,82,3,1,348
498,0,5,1,1,348
499,0,2,1,1,348
500,0,83,6,2,348
501,0,7,1,1,348
502,0,10,2,1,348
503,0,57,3,1,348
504,0,42,3,1,348
505,0,12,2,1,348
506,0,72,4,2,348
507,0,64,3,1,348
508,0,15,3,1,348
509,0,14,2,1,348
510,0,25,3,1,348
511,0,29,3,1,348
512,0,28,3,1,348
513,0,89,5,2,348
514,0,64,4,2,348
515,0,61,4,2,348
516,0,19,2,1,348
517,0,103,4,2,107
518,0,18,2,1,348
519,0,24,2,1,348
520,0,49,3,1,348
521,0,14,3,1,348
522,0,10,2,1,348
523,0,42,4,1,348
524,0,64,5,2,348
525,0,68,5,1,348
526,0,97,5,2,107
527,0,45,3,1,348
528,0,12,2,1,348
529,0,8,1,1,348
530,0,3,2,1,348
531,0,39,3,1,348
532,0,9,1,1,348
533,0,5,3,1,348
534,0,7,3,1,348
535,0,11,3,1,348
536,0,21,3,1,348
537,0,39,2,1,348
538,0,86,3,2,107
539,0,21,1,1,348
540,0,7,1,1,348
541,0,9,3,1,348
542,0,58,4,2,348
543,0,20,3,1,348
544,0,67,5,2,348
545,0,45,4,1,348
546,0,29,2,1,348
547,0,31,2,1,348
548,0,31,3,1,348
549,0,6,2,1,348
550,0,0,0,1,348
551,0,16,2,1,348
552,0,3,0,1,348
553,0,85,4,2,348
554,0,17,2,1,348
555,0,37,2,1,348
556,0,48,3,2,348
557,0,36,2,1,348
558,0,20,6,2,348
559,0,83,3,2,348
560,0,29,3,1,348
561,0,81,6,2,348
562,0,4,2,1,348
563,0,89,14,4,107
564,0,8,1,1,348
565,0,19,3,1,348
566,0,85,5,3,107
567,0,62,4,3,348
568,0,11,3,1,348
569,0,14,3,1,348
570,0,34,4,1,348
571,0,2,1,1,348
572,0,3,1,1,348
573,0,31,1,1,414
574,0,10,1,1,414
575,0,11,1,1,414
576,0,13,1,1,414
577,0,21,1,1,414
578,0,23,1,1,414
579,0,38,2,1,414
580,0,84,1,2,107
581,0,1,0,1,414
582,0,20,1,1,414
583,0,24,1,1,414
584,0,14,2,1,414
585,0,0,0,1,414
586,0,6,0,1,414
587,0,9,0,1,414
588,0,13,1,1,414
589,0,20,1,1,414
590,0,13,2,1,414
591,0,45,1,1,414
592,0,40,2,1,414
593,0,4,0,1,414
594,0,6,2,2,414
595,0,18,1,1,414
596,0,44,1,2,107
597,0,21,2,1,414
598,0,15,1,1,414
599,0,22,1,1,414
600,0,23,1,1,414
601,0,25,2,2,107
602,0,0,2,1,414
603,0,17,2,1,414
604,0,34,2,1,414
605,0,17,1,1,414
606,0,90,2,2,107
607,0,0,2,1,414
608,0,0,0,1,414
609,0,29,1,1,414
610,0,4,0,1,414
611,0,15,2,1,414
612,0,14,1,1,414
613,0,0,0,1,414
614,0,31,1,1,414
615,0,23,1,1,414
616,0,18,2,1,414
617,0,24,1,1,414
618,0,23,1,1,414
619,0,25,1,1,414
620,0,19,1,1,414
621,0,6,1,1,414
622,0,12,1,1,414
623,0,16,1,1,414
624,0,0,0,1,414
625,0,20,1,1,414
626,0,13,1,1,414
627,0,23,1,1,414
628,0,11,1,1,414
629,0,11,1,2,107
630,0,38,1,1,414
631,0,10,2,1,414
632,0,21,1,1,414
633,0,14,1,1,414
634,0,15,0,1,414
635,0,21,1,1,414
636,0,24,1,1,414
637,0,114,2,2,107
638,0,0,1,1,414
639,0,10,2,1,414
640,0,22,1,1,414
641,0,66,2,2,107
642,0,1,0,1,414
643,0,23,1,1,414
644,0,24,1,1,414
645,0,28,0,1,414
646,0,12,0,1,414
647,0,18,1,1,414
648,0,1,0,1,414
649,0,5,1,2,107
650,0,21,1,1,414
651,0,72,2,2,107
652,0,3,0,1,414
653,0,27,1,1,414
654,0,32,1,1,414
655,0,5,1,1,414
656,0,2,0,1,414
657,0,6,1,1,414
658,0,23,1,1,414
659,0,23,1,1,414
660,0,2,1,1,414
661,0,23,1,1,414
662,0,23,1,1,414
663,0,8,1,1,414
664,0,16,1,1,414
665,0,17,1,1,414
666,0,17,1,1,414
667,0,2,1,1,414
668,0,0,1,1,414
669,0,33,1,1,414
670,0,22,1,1,414
671,0,4,0,1,414
672,0,7,1,1,414
673,0,3,0,1,414
674,0,0,2,1,414
675,0,22,1,1,414
676,0,17,1,1,414
677,0,21,2,1,414
678,0,25,2,1,414
679,0,6,2,1,414
680,0,26,1,1,414
681,0,22,1,1,414
682,0,12,2,1,414
683,0,32,1,1,414
684,0,19,2,1,414
685,0,16,1,1,414
686,1,0,0,1,686
687,0,27,2,1,686
688,0,44,2,1,686
689,0,7,2,1,686
690,0,8,1,1,686
691,0,5,3,1,686
692,0,0,1,1,686
693,0,13,1,1,686
694,0,53,3,1,686
695,0,40,2,1,686
696,0,30,2,1,686
697,0,51,9,2,686
698,1,26,10,3,686
699,0,1,2,1,686
700,0,6,1,1,686
701,0,20,2,1,686
702,0,7,4,1,686
703,0,42,2,2,686
704,0,4,2,1,686
705,0,68,8,1,686
706,0,17,2,1,686
707,0,9,2,1,686
708,0,27,9,2,686
709,0,16,3,1,686
710,0,7,1,1,686
711,0,19,1,1,686
712,0,12,2,1,686
713,0,70,3,2,686
714,0,13,3,1,686
715,0,9,1,1,686
716,0,11,5,1,686
717,0,3,3,1,686
718,0,29,2,1,686
719,0,63,6,2,686
720,0,17,3,1,686
721,0,4,2,1,686
722,0,13,3,1,686
723,0,11,1,1,686
724,0,46,2,1,686
725,0,7,3,1,686
726,0,35,2,1,686
727,0,25,1,1,686
728,0,37,4,1,686
729,0,12,4,2,686
730,0,14,3,1,686
731,0,25,2,1,686
732,0,13,2,1,686
733,0,7,3,1,686
734,0,22,1,1,686
735,0,4,1,1,686
736,0,13,2,1,686
737,0,15,4,1,686
738,0,24,1,1,686
739,0,28,5,1,686
740,0,7,1,1,686
741,0,16,3,1,686
742,0,11,2,1,686
743,0,2,2,1,686
744,0,1,2,1,686
745,0,56,7,2,686
746,0,8,3,1,686
747,0,56,8,2,686
748,0,18,1,1,686
749,0,1,3,1,686
750,0,1,1,1,686
751,0,11,1,1,686
752,0,37,3,1,686
753,0,12,3,2,686
754,0,29,2,1,686
755,0,18,5,1,686
756,0,9,1,1,686
757,0,3,2,1,686
758,0,19,5,1,686
759,0,9,2,1,686
760,0,29,2,1,686
761,0,7,1,1,686
762,0,12,2,1,686
763,0,13,2,1,686
764,0,27,4,1,686
765,0,13,1,1,686
766,0,34,2,1,686
767,0,7,2,1,686
768,0,13,2,1,686
769,0,14,3,2,686
770,0,26,5,1,686
771,0,14,4,1,686
772,0,17,4,2,686
773,0,35,1,1,686
774,0,36,8,2,686
775,0,1,3,1,686
776,0,8,3,2,686
777,0,17,2,1,686
778,0,15,1,1,686
779,0,17,3,1,686
780,0,33,4,1,686
781,0,51,6,1,686
782,0,12,4,1,686
783,0,17,5,1,686
784,0,39,1,1,686
785,0,2,2,1,686
786,0,8,3,1,686
787,0,28,4,1,686
788,0,3,2,1,686
789,0,12,5,1,686
790,0,3,5,1,686
791,0,6,4,1,686
792,0,22,3,1,686
793,0,19,3,1,686
794,0,13,1,1,686
795,0,17,1,1,686
796,0,6,3,1,686
797,0,25,3,1,686
798,0,6,8,2,686
799,0,11,2,1,686
800,0,36,5,2,686
801,0,0,2,1,686
802,0,4,3,1,686
803,0,19,4,2,686
804,0,15,3,2,686
805,0,64,7,2,686
806,0,14,4,1,686
807,0,19,2,1,686
808,0,8,4,1,686
809,0,17,6,1,686
810,0,31,5,2,686
811,0,8,3,2,686
812,0,7,3,1,686
813,0,9,2,1,686
814,0,25,5,1,686
815,0,38,6,1,686
816,0,8,2,1,686
817,0,23,3,1,686
818,0,15,4,1,686
819,0,36,3,2,686
820,0,37,3,1,686
821,0,8,3,1,686
822,0,14,4,1,686
823,0,55,8,2,686
824,0,57,4,1,686
825,0,5,2,2,686
826,0,10,2,1,686
827,0,44,6,1,686
828,0,78,7,2,686
829,0,33,1,1,686
830,0,53,4,2,686
831,0,14,1,1,686
832,0,3,2,1,686
833,0,14,3,1,686
834,0,42,1,1,686
835,0,19,4,1,686
836,0,11,5,1,686
837,0,12,3,1,686
838,0,21,3,1,686
839,0,14,3,1,686
840,0,26,4,2,686
841,0,1,4,1,686
842,0,36,1,1,686
843,0,12,3,1,686
844,0,13,1,1,686
845,0,22,2,1,686
846,0,5,2,1,686
847,0,26,2,1,686
848,0,20,1,1,686
849,0,29,4,1,686
850,0,9,4,1,686
851,0,3,1,1,686
852,0,3,3,1,686
853,0,43,2,1,686
854,0,2,2,1,686
855,0,3,2,1,686
856,0,38,10,2,686
857,0,11,1,2,698
858,0,4,1,1,698
859,0,1,0,1,698
860,0,0,3,2,698
861,0,9,0,1,698
862,0,23,2,2,698
863,0,10,2,1,698
864,0,4,1,1,698
865,0,3,1,1,698
866,0,4,1,1,698
867,0,7,1,1,698
868,0,3,1,1,698
869,0,6,0,1,698
870,0,6,1,1,698
871,0,6,2,1,698
872,0,6,1,1,698
873,0,5,1,1,698
874,0,6,1,1,698
875,0,0,2,1,698
876,0,10,3,1,698
877,0,3,1,1,698
878,0,9,2,1,698
879,0,5,1,1,698
880,0,7,1,1,698
881,0,6,1,1,698
882,0,7,2,1,698
883,0,0,1,1,698
884,0,3,1,1,698
885,0,8,1,1,698
886,0,7,2,1,698
887,0,5,1,1,698
888,0,8,2,1,698
889,0,12,3,1,698
890,0,6,0,1,698
891,0,0,0,1,698
892,0,0,0,1,698
893,0,3,1,1,698
894,0,3,0,1,698
895,0,5,1,1,698
896,0,125,0,1,107
897,0,65,0,1,107
898,0,37,0,1,107
899,0,2,1,1,107
900,0,12,0,1,107
901,0,33,1,1,107
902,0,45,0,1,107
903,0,33,1,1,107
904,0,2,0,1,107
905,0,16,0,1,107
906,0,77,1,1,107
907,0,12,0,1,107
908,0,31,2,1,107
909,0,11,0,1,107
910,0,4,1,1,107
911,0,0,0,1,107
912,0,8,1,1,107
913,0,43,1,1,107
914,0,15,1,1,107
915,0,34,1,1,107
916,0,146,1,1,107
917,0,129,0,1,107
918,0,0,0,1,107
919,0,28,0,1,107
920,0,12,1,1,107
921,0,105,1,1,107
922,0,29,2,1,107
923,0,7,1,1,107
924,0,44,0,1,107
925,0,166,1,1,107
926,0,20,1,1,107
927,0,74,1,1,107
928,0,8,0,1,107
929,0,4,1,1,107
930,0,51,0,1,107
931,0,14,0,1,107
932,0,62,0,1,107
933,0,24,0,1,107
934,0,81,1,1,107
935,0,6,0,1,107
936,0,36,0,1,107
937,0,6,0,1,107
938,0,28,1,1,107
939,0,16,0,1,107
940,0,16,0,1,107
941,0,53,0,1,107
942,0,64,0,1,107
943,0,11,0,1,107
944,0,36,0,1,107
945,0,3,0,1,107
946,0,165,1,1,107
947,0,114,1,1,107
948,0,37,0,1,107
949,0,22,0,1,107
950,0,9,2,1,107
951,0,19,1,1,107
952,0,83,1,1,107
953,0,108,0,1,107
954,0,54,0,1,107
955,0,9,1,1,107
956,0,9,0,1,107
957,0,64,0,1,107
958,0,23,1,1,107
959,0,45,0,1,107
960,0,102,0,1,107
961,0,12,1,1,107
962,0,26,0,1,107
963,0,32,1,1,107
964,0,25,0,1,107
965,0,15,0,1,107
966,0,114,1,1,107
967,0,106,1,1,107
968,0,39,1,1,107
969,0,31,0,1,107
970,0,14,0,1,107
971,0,33,1,1,107
972,0,20,0,1,107
973,0,17,0,1,107
974,0,10,0,1,107
975,0,53,0,1,107
976,0,23,1,1,107
977,0,25,0,1,107
978,0,103,1,1,107
979,0,9,1,1,107
980,0,127,1,1,107
981,0,46,0,1,107
982,0,67,1,1,107
983,0,61,1,1,107
984,0,41,0,1,107
985,0,6,0,1,107
986,0,10,0,1,107
987,0,5,1,1,107
988,0,40,0,1,107
989,0,34,0,1,107
990,0,29,2,2,107
991,0,18,1,1,107
992,0,30,1,1,107
993,0,153,0,1,107
994,0,26,0,1,107
995,0,65,0,1,107
996,0,3,1,1,107
997,0,95,0,1,107
998,0,8,0,1,107
999,0,76,0,1,107
1000,0,15,0,1,107
1001,0,38,1,1,107
1002,0,3,0,1,107
1003,0,94,1,1,107
1004,0,119,0,1,107
1005,0,13,0,1,107
1006,0,141,1,1,107
1007,0,15,0,1,107
1008,0,7,1,1,107
1009,0,56,0,1,107
1010,0,35,0,1,107
1011,0,31,0,1,107
1012,0,31,1,1,107
1013,0,11,1,1,107
1014,0,98,0,1,107
1015,0,35,1,1,107
1016,0,8,1,1,107
1017,0,148,1,1,107
1018,0,50,1,1,107
1019,0,57,0,1,107
1020,0,57,0,1,107
1021,0,60,0,1,107
1022,0,3,0,1,107
1023,0,8,0,1,107
1024,0,84,0,1,107
1025,0,28,1,1,107
1026,0,79,1,1,107
1027,0,2,0,1,107
1028,0,66,1,1,107
1029,0,78,1,1,107
1030,0,10,1,1,107
1031,0,3,2,1,107
1032,0,78,0,1,107
1033,0,16,0,1,107
1034,0,2,1,1,107
1035,0,25,1,1,107
1036,0,57,1,1,107
1037,0,36,0,1,107
1038,0,4,1,1,107
1039,0,26,1,1,107
1040,0,66,0,1,107
1041,0,47,0,1,107
1042,0,14,0,1,107
1043,0,11,1,1,107
1044,0,27,0,1,107
1045,0,11,1,1,107
1046,0,2,0,1,107
1047,0,64,0,1,107
1048,0,105,1,1,107
1049,0,81,1,1,107
1050,0,10,1,1,107
1051,0,45,0,1,107
1052,0,62,1,1,107
1053,0,7,1,1,107
1054,0,53,1,1,107
1055,0,13,1,1,107
1056,0,64,1,1,107
1057,0,4,1,1,107
1058,0,6,1,1,107
1059,0,164,1,1,107
1060,0,50,1,1,107
1061,0,9,0,1,107
1062,0,21,1,1,107
1063,0,21,0,1,107
1064,0,26,0,1,107
1065,0,1,0,1,107
1066,0,67,0,1,107
1067,0,75,0,1,107
1068,0,48,1,1,107
1069,0,20,1,1,107
1070,0,77,0,1,107
1071,0,2,0,1,107
1072,0,25,0,1,107
1073,0,9,1,1,107
1074,0,62,1,1,107
1075,0,79,1,1,107
1076,0,141,1,1,107
1077,0,14,1,1,107
1078,0,182,0,1,107
1079,0,122,1,1,107
1080,0,59,1,1,107
1081,0,29,0,1,107
1082,0,56,0,1,107
1083,0,105,0,1,107
1084,0,14,1,1,107
1085,0,64,4,2,107
1086,0,204,1,1,107
1087,0,6,2,1,107
1088,0,13,1,1,107
1089,0,13,1,1,107
1090,0,12,0,1,107
1091,0,19,0,1,107
1092,0,49,1,1,107
1093,0,8,0,1,107
1094,0,10,0,1,107
1095,0,23,0,1,107
1096,0,0,0,1,107
1097,0,35,1,1,107
1098,0,22,1,1,107
1099,0,55,1,1,107
1100,0,63,0,1,107
1101,0,122,1,1,107
1102,0,50,0,1,107
1103,0,7,0,1,107
1104,0,108,0,1,107
1105,0,3,0,1,107
1106,0,26,0,1,107
1107,0,140,1,1,107
1108,0,42,0,1,107
1109,0,37,0,1,107
1110,0,69,1,1,107
1111,0,8,1,1,107
1112,0,53,1,1,107
1113,0,46,1,1,107
1114,0,37,1,1,107
1115,0,35,1,1,107
1116,0,28,1,1,107
1117,0,121,0,1,107
1118,0,34,1,1,107
1119,0,0,0,1,107
1120,0,50,1,1,107
1121,0,23,0,1,107
1122,0,48,0,1,107
1123,0,70,1,1,107
1124,0,129,1,1,107
1125,0,116,0,1,107
1126,0,197,1,1,107
1127,0,20,0,1,107
1128,0,97,1,1,107
1129,0,59,0,1,107
1130,0,65,0,1,107
1131,0,31,0,1,107
1132,0,141,1,1,107
1133,0,5,1,1,107
1134,0,10,0,1,107
1135,0,67,1,1,107
1136,0,32,0,1,107
1137,0,28,1,1,107
1138,0,13,1,1,107
1139,0,23,0,1,107
1140,0,8,1,1,107
1141,0,17,0,1,107
1142,0,32,1,1,107
1143,0,13,1,1,107
1144,0,20,2,1,107
1145,0,0,1,1,107
1146,0,146,1,1,107
1147,0,4,0,1,107
1148,0,64,0,1,107
1149,0,101,1,1,107
1150,0,13,0,1,107
1151,0,5,1,1,107
1152,0,16,0,1,107
1153,0,138,0,1,107
1154,0,8,0,1,107
1155,0,44,1,1,107
1156,0,98,0,1,107
1157,0,4,0,1,107
1158,0,65,1,1,107
1159,0,60,0,1,107
1160,0,87,0,1,107
1161,0,18,1,1,107
1162,0,7,0,1,107
1163,0,99,0,1,107
1164,0,26,0,1,107
1165,0,25,1,1,107
1166,0,56,0,1,107
1167,0,27,0,1,107
1168,0,5,0,1,107
1169,0,18,0,1,107
1170,0,35,0,1,107
1171,0,24,1,2,107
1172,0,112,1,1,107
1173,0,114,0,1,107
1174,0,17,2,1,107
1175,0,131,0,1,107
1176,0,1,0,1,107
1177,0,14,1,1,107
1178,0,12,1,1,107
1179,0,44,1,1,107
1180,0,44,0,1,107
1181,0,88,1,1,107
1182,0,65,1,1,107
1183,0,33,1,1,107
1184,0,157,1,1,107
1185,0,155,0,1,107
1186,0,16,1,1,107
1187,0,19,0,1,107
1188,0,31,0,1,107
1189,0,37,0,1,107
1190,0,38,0,1,107
1191,0,109,1,1,107
1192,0,96,0,1,107
1193,0,8,1,1,107
1194,0,3,0,1,107
1195,0,48,1,1,107
1196,0,25,0,1,107
1197,0,14,2,1,107
1198,0,82,1,1,107
1199,0,216,0,1,107
1200,0,3,0,1,107
1201,0,57,1,1,107
1202,0,8,0,1,107
1203,0,7,0,1,107
1204,0,106,0,1,107
1205,0,101,0,1,107
1206,0,0,0,1,107
1207,0,71,0,1,107
1208,0,2,0,1,107
1209,0,75,1,1,107
1210,0,39,0,1,107
1211,0,172,1,1,107
1212,0,25,0,1,107
1213,0,19,0,1,107
1214,0,113,1,1,107
1215,0,42,1,1,107
1216,0,35,1,1,107
1217,0,46,0,1,107
1218,0,10,0,1,107
1219,0,53,1,1,107
1220,0,8,0,1,107
1221,0,70,0,1,107
1222,0,141,0,1,107
1223,0,21,1,1,107
1224,0,1,0,1,107
1225,0,29,0,1,107
1226,0,34,0,1,107
1227,0,83,1,1,107
1228,0,22,0,1,107
1229,0,46,0,1,107
1230,0,124,0,1,107
1231,0,73,1,1,107
1232,0,28,1,1,107
1233,0,1,0,1,107
1234,0,14,0,1,107
1235,0,106,0,1,107
1236,0,42,0,1,107
1237,0,59,1,1,107
1238,0,151,1,1,107
1239,0,8,0,1,107
1240,0,6,0,1,107
1241,0,19,0,1,107
1242,0,92,1,1,107
1243,0,111,1,1,107
1244,0,11,0,1,107
1245,0,39,0,1,107
1246,0,34,0,1,107
1247,0,23,0,1,107
1248,0,7,0,1,107
1249,0,14,0,1,107
1250,0,136,1,1,107
1251,0,11,2,1,107
1252,0,2,1,1,107
1253,0,2,0,1,107
1254,0,5,1,1,107
1255,0,123,0,1,107
1256,0,134,0,1,107
1257,0,54,1,1,107
1258,0,41,0,1,107
1259,0,46,0,1,107
1260,0,37,0,1,107
1261,0,67,1,1,107
1262,0,1,1,1,107
1263,0,5,1,1,107
1264,0,4,0,1,107
1265,0,30,1,1,107
1266,0,12,0,1,107
1267,0,119,1,1,107
1268,0,10,0,1,107
1269,0,125,1,1,107
1270,0,1,0,1,107
1271,0,95,1,1,107
1272,0,83,1,1,107
1273,0,63,0,1,107
1274,0,24,0,1,107
1275,0,56,0,1,107
1276,0,1,0,1,107
1277,0,123,0,1,107
1278,0,35,1,1,107
1279,0,43,0,1,107
1280,0,75,0,1,107
1281,0,40,0,1,107
1282,0,67,0,1,107
1283,0,31,1,1,107
1284,0,59,0,1,107
1285,0,54,0,1,107
1286,0,22,0,1,107
1287,0,65,0,1,107
1288,0,91,1,1,107
1289,0,84,0,1,107
1290,0,86,1,1,107
1291,0,112,1,1,107
1292,0,54,0,1,107
1293,0,47,1,1,107
1294,0,21,0,1,107
1295,0,4,0,1,107
1296,0,24,0,1,107
1297,0,5,0,1,107
1298,0,70,0,1,107
1299,0,30,0,1,107
1300,0,30,0,1,107
1301,0,5,2,1,107
1302,0,106,0,1,107
1303,0,47,0,1,107
1304,0,37,0,1,107
1305,0,103,1,1,107
1306,0,25,0,1,107
1307,0,30,0,1,107
1308,0,19,0,1,107
1309,0,42,0,1,107
1310,0,26,0,1,107
1311,0,23,0,1,107
1312,0,79,1,1,107
1313,0,33,0,1,107
1314,0,25,1,1,107
1315,0,43,0,1,107
1316,0,31,0,1,107
1317,0,20,1,1,107
1318,0,40,0,1,107
1319,0,26,1,1,107
1320,0,63,1,1,107
1321,0,24,1,1,107
1322,0,89,0,1,107
1323,0,76,0,1,107
1324,0,39,0,1,107
1325,0,17,0,1,107
1326,0,1,0,1,107
1327,0,48,1,1,107
1328,0,19,1,1,107
1329,0,135,1,1,107
1330,0,121,1,1,107
1331,0,145,0,1,107
1332,0,41,1,1,107
1333,0,32,1,1,107
1334,0,99,1,1,107
1335,0,127,0,1,107
1336,0,54,0,1,107
1337,0,35,1,1,107
1338,0,67,0,1,107
1339,0,99,1,1,107
1340,0,62,0,1,107
1341,0,122,0,1,107
1342,0,9,0,1,107
1343,0,36,0,1,107
1344,0,90,1,1,107
1345,0,96,0,1,107
1346,0,4,0,1,107
1347,0,73,0,1,107
1348,0,36,0,1,107
1349,0,41,0,1,107
1350,0,32,0,1,107
1351,0,66,1,1,107
1352,0,233,1,1,107
1353,0,2,0,1,107
1354,0,4,0,1,107
1355,0,36,0,1,107
1356,0,19,0,1,107
1357,0,30,0,1,107
1358,0,76,0,1,107
1359,0,83,0,1,107
1360,0,36,1,1,107
1361,0,136,1,1,107
1362,0,2,0,1,107
1363,0,20,1,1,107
1364,0,11,0,1,107
1365,0,41,1,1,107
1366,0,65,0,1,107
1367,0,165,1,1,107
1368,0,9,1,1,107
1369,0,52,1,1,107
1370,0,111,0,1,107
1371,0,36,1,1,107
1372,0,6,0,1,107
1373,0,72,0,1,107
1374,0,41,0,1,107
1375,0,73,1,1,107
1376,0,181,1,1,107
1377,0,189,1,1,107
1378,0,31,1,1,107
1379,0,50,1,1,107
1380,0,84,1,1,107
1381,0,26,1,1,107
1382,0,40,0,1,107
1383,0,3,0,1,107
1384,0,11,2,1,107
1385,0,14,1,1,107
1386,0,0,0,1,107
1387,0,8,1,1,107
1388,0,83,0,1,107
1389,0,45,0,1,107
1390,0,192,1,1,107
1391,0,174,1,1,107
1392,0,36,0,1,107
1393,0,52,0,1,107
1394,0,1,0,1,107
1395,0,1,1,1,107
1396,0,53,0,1,107
1397,0,15,0,1,107
1398,0,43,1,1,107
1399,0,177,0,1,107
1400,0,21,0,1,107
1401,0,11,0,1,107
1402,0,73,1,1,107
1403,0,8,1,1,107
1404,0,49,0,1,107
1405,0,50,2,2,107
1406,0,30,0,1,107
1407,0,36,0,1,107
1408,0,33,1,1,107
1409,0,105,0,1,107
1410,0,20,1,1,107
1411,0,9,1,1,107
1412,0,21,0,1,107
1413,0,59,1,1,107
1414,0,7,0,1,107
1415,0,29,0,1,107
1416,0,110,1,1,107
1417,0,4,0,1,107
1418,0,20,1,1,107
1419,0,24,1,2,107
1420,0,147,1,1,107
1421,0,23,2,1,107
1422,0,13,1,1,107
1423,0,60,1,1,107
1424,0,18,1,1,107
1425,0,33,0,1,107
1426,0,63,0,1,107
1427,0,65,0,1,107
1428,0,28,0,1,107
1429,0,37,1,1,107
1430,0,1,0,1,107
1431,0,219,1,1,107
1432,0,54,0,1,107
1433,0,22,0,1,107
1434,0,14,0,1,107
1435,0,55,1,1,107
1436,0,29,1,1,107
1437,0,55,0,1,107
1438,0,33,0,1,107
1439,0,20,1,1,107
1440,0,27,0,1,107
1441,0,15,1,1,107
1442,0,4,1,1,107
1443,0,8,0,1,107
1444,0,31,1,1,107
1445,0,8,1,1,107
1446,0,35,0,1,107
1447,0,141,1,1,107
1448,0,51,1,1,107
1449,0,89,1,1,107
1450,0,23,2,2,107
1451,0,30,0,1,107
1452,0,33,1,1,107
1453,0,27,0,1,107
1454,0,51,0,1,107
1455,0,4,0,1,107
1456,0,131,0,1,107
1457,0,61,0,1,107
1458,0,32,1,1,107
1459,0,101,0,1,107
1460,0,45,1,1,107
1461,0,7,0,1,107
1462,0,83,0,1,107
1463,0,9,0,1,107
1464,0,25,0,1,107
1465,0,106,4,2,107
1466,0,0,0,1,107
1467,0,123,1,1,107
1468,0,30,1,1,107
1469,0,56,1,1,107
1470,0,70,1,1,107
1471,0,168,1,1,107
1472,0,89,0,1,107
1473,0,53,0,1,107
1474,0,3,0,1,107
1475,0,71,0,1,107
1476,0,4,0,1,107
1477,0,8,1,1,107
1478,0,16,0,1,107
1479,0,83,0,1,107
1480,0,92,1,1,107
1481,0,16,0,1,107
1482,0,48,0,1,107
1483,0,95,0,1,107
1484,0,21,1,1,107
1485,0,46,1,1,107
1486,0,4,0,1,107
1487,0,62,1,1,107
1488,0,134,0,1,107
1489,0,21,0,1,107
1490,0,8,0,1,107
1491,0,124,1,1,107
1492,0,12,0,1,107
1493,0,25,0,1,107
1494,0,25,1,1,107
1495,0,66,0,1,107
1496,0,47,0,1,107
1497,0,28,0,1,107
1498,0,5,0,1,107
1499,0,11,0,1,107
1500,0,28,0,1,107
1501,0,17,0,1,107
1502,0,69,0,1,107
1503,0,27,0,1,107
1504,0,57,1,1,107
1505,0,59,2,2,107
1506,0,7,0,1,107
1507,0,36,0,1,107
1508,0,32,0,1,107
1509,0,130,1,1,107
1510,0,3,0,1,107
1511,0,29,0,1,107
1512,0,33,0,1,107
1513,0,51,1,1,107
1514,0,34,0,1,107
1515,0,68,1,1,107
1516,0,158,1,1,107
1517,0,35,1,1,107
1518,0,13,0,1,107
1519,0,32,1,1,107
1520,0,116,1,1,107
1521,0,5,1,1,107
1522,0,155,1,1,107
1523,0,68,1,1,107
1524,0,40,1,1,107
1525,0,56,0,1,107
1526,0,21,0,1,107
1527,0,11,0,1,107
1528,0,69,1,1,107
1529,0,41,0,1,107
1530,0,104,0,1,107
1531,0,21,1,1,107
1532,0,38,1,1,107
1533,0,34,1,1,107
1534,0,33,2,2,107
1535,0,63,1,1,107
1536,0,81,0,1,107
1537,0,18,1,1,107
1538,0,71,0,1,107
1539,0,78,1,1,107
1540,0,68,1,1,107
1541,0,32,0,1,107
1542,0,54,1,1,107
1543,0,32,0,1,107
1544,0,14,1,1,107
1545,0,42,0,1,107
1546,0,2,0,1,107
1547,0,121,1,1,107
1548,0,37,1,1,107
1549,0,48,2,1,107
1550,0,37,0,1,107
1551,0,170,1,1,107
1552,0,6,0,1,107
1553,0,36,1,1,107
1554,0,159,1,1,107
1555,0,34,2,1,107
1556,0,24,0,1,107
1557,0,150,1,1,107
1558,0,1,1,1,107
1559,0,185,1,1,107
1560,0,0,0,1,107
1561,0,24,1,1,107
1562,0,9,1,1,107
1563,0,111,1,1,107
1564,0,15,1,1,107
1565,0,43,0,1,107
1566,0,19,0,1,107
1567,0,32,0,1,107
1568,0,28,1,1,107
1569,0,47,0,1,107
1570,0,123,0,1,107
1571,0,59,0,1,107
1572,0,42,1,1,107
1573,0,88,0,1,107
1574,0,66,1,1,107
1575,0,19,0,1,107
1576,0,65,0,1,107
1577,0,168,2,2,107
1578,0,35,0,1,107
1579,0,4,1,1,107
1580,0,82,1,1,107
1581,0,0,0,1,107
1582,0,40,0,1,107
1583,0,96,0,1,107
1584,0,210,1,1,107
1585,0,19,1,1,107
1586,0,2,0,1,107
1587,0,52,0,1,107
1588,0,22,1,1,107
1589,0,204,1,1,107
1590,0,87,0,1,107
1591,0,94,1,1,107
1592,0,24,0,1,107
1593,0,31,1,1,107
1594,0,15,1,1,107
1595,0,38,0,1,107
1596,0,76,0,1,107
1597,0,111,1,1,107
1598,0,135,0,1,107
1599,0,10,0,1,107
1600,0,116,1,1,107
1601,0,31,1,1,107
1602,0,11,0,1,107
1603,0,144,1,1,107
1604,0,147,0,1,107
1605,0,89,0,1,107
1606,0,30,0,1,107
1607,0,4,1,1,107
1608,0,116,1,1,107
1609,0,91,0,1,107
1610,0,178,1,1,107
1611,0,71,0,1,107
1612,0,189,1,1,107
1613,0,181,1,1,107
1614,0,70,1,1,107
1615,0,23,0,1,107
1616,0,49,1,1,107
1617,0,116,1,1,107
1618,0,23,1,1,107
1619,0,113,1,1,107
1620,0,127,1,1,107
1621,0,188,1,1,107
1622,0,176,1,1,107
1623,0,99,1,1,107
1624,0,34,0,1,107
1625,0,24,0,1,107
1626,0,36,1,1,107
1627,0,2,0,1,107
1628,0,81,0,1,107
1629,0,21,1,1,107
1630,0,66,0,1,107
1631,0,8,0,1,107
1632,0,78,0,1,107
1633,0,22,0,1,107
1634,0,37,0,1,107
1635,0,33,1,1,107
1636,0,76,1,1,107
1637,0,98,1,1,107
1638,0,33,0,1,107
1639,0,77,1,1,107
1640,0,7,0,1,107
1641,0,13,1,1,107
1642,0,28,2,2,107
1643,0,99,1,1,107
1644,0,68,1,1,107
1645,0,55,0,1,107
1646,0,17,0,1,107
1647,0,49,0,1,107
1648,0,24,0,1,107
1649,0,34,0,1,107
1650,0,20,0,1,107
1651,0,3,0,1,107
1652,0,80,1,1,107
1653,0,73,1,1,107
1654,0,6,0,1,107
1655,0,55,0,1,107
1656,0,34,1,2,107
1657,0,4,1,1,107
1658,0,18,1,1,107
1659,0,81,1,1,107
1660,0,23,0,1,107
1661,0,79,0,1,107
1662,0,145,0,1,107
1663,0,234,1,1,107
1664,0,5,1,1,107
1665,0,126,0,1,107
1666,0,35,2,2,107
1667,0,26,0,1,107
1668,0,121,1,1,107
1669,0,136,1,1,107
1670,0,10,0,1,107
1671,0,31,0,1,107
1672,0,24,0,1,107
1673,0,39,0,1,107
1674,0,24,0,1,107
1675,0,116,1,1,107
1676,0,15,2,1,107
1677,0,35,0,1,107
1678,0,17,1,1,107
1679,0,26,1,1,107
1680,0,60,0,1,107
1681,0,24,0,1,107
1682,0,37,1,1,107
1683,0,122,1,1,107
1684,1,14,3,2,107
1685,0,92,0,1,107
1686,0,34,0,1,107
1687,0,42,0,1,107
1688,0,94,1,1,107
1689,0,123,1,1,107
1690,0,1,1,1,107
1691,0,59,1,1,107
1692,0,49,1,1,107
1693,0,2,0,1,107
1694,0,33,0,1,107
1695,0,29,0,1,107
1696,0,11,0,1,107
1697,0,7,1,1,107
1698,0,18,1,1,107
1699,0,41,1,1,107
1700,0,16,1,1,107
1701,0,6,1,1,107
1702,0,44,1,1,107
1703,0,69,0,1,107
1704,0,24,0,1,107
1705,0,26,0,1,107
1706,0,41,0,1,107
1707,0,184,0,1,107
1708,0,9,1,1,107
1709,0,61,0,1,107
1710,0,14,1,1,107
1711,0,4,0,1,107
1712,0,104,0,1,107
1713,0,3,0,1,107
1714,0,186,1,1,107
1715,0,64,0,1,107
1716,0,59,0,1,107
1717,0,138,1,1,107
1718,0,153,1,2,107
1719,0,18,1,1,107
1720,0,48,0,1,107
1721,0,114,1,1,107
1722,0,55,1,1,107
1723,0,48,1,1,107
1724,0,58,1,1,107
1725,0,50,0,1,107
1726,0,21,3,2,107
1727,0,31,2,1,107
1728,0,31,0,1,107
1729,0,79,0,1,107
1730,0,225,1,1,107
1731,0,7,0,1,107
1732,0,47,0,1,107
1733,0,37,1,1,107
1734,0,48,0,1,107
1735,0,108,1,1,107
1736,0,155,1,1,107
1737,0,78,1,1,107
1738,0,25,1,1,107
1739,0,13,0,1,107
1740,0,36,0,1,107
1741,0,103,0,1,107
1742,0,78,0,1,107
1743,0,25,0,1,107
1744,0,36,0,1,107
1745,0,18,1,1,107
1746,0,201,1,1,107
1747,0,21,1,1,107
1748,0,12,0,1,107
1749,0,12,0,1,107
1750,0,125,1,1,107
1751,0,49,0,1,107
1752,0,114,1,1,107
1753,0,81,1,1,107
1754,0,56,0,1,107
1755,0,1,0,1,107
1756,0,15,0,1,107
1757,0,130,1,1,107
1758,0,27,2,2,107
1759,0,5,0,1,107
1760,0,2,1,1,107
1761,0,120,1,1,107
1762,0,3,0,1,107
1763,0,31,0,1,107
1764,0,24,0,1,107
1765,0,65,1,1,107
1766,0,39,1,1,107
1767,0,35,1,1,107
1768,0,208,0,1,107
1769,0,24,2,1,107
1770,0,46,0,1,107
1771,0,19,0,1,107
1772,0,60,0,1,107
1773,0,22,0,1,107
1774,0,39,1,1,107
1775,0,7,0,1,107
1776,0,4,0,1,107
1777,0,4,0,1,107
1778,0,37,0,1,107
1779,0,21,1,1,107
1780,0,19,1,1,107
1781,0,25,0,1,107
1782,0,66,0,1,107
1783,0,120,0,1,107
1784,0,16,1,1,107
1785,0,29,0,1,107
1786,0,96,0,1,107
1787,0,37,1,1,107
1788,0,9,0,1,107
1789,0,102,1,1,107
1790,0,37,0,1,107
1791,0,130,1,1,107
1792,0,5,1,1,107
1793,0,144,1,1,107
1794,0,56,0,1,107
1795,0,88,1,1,107
1796,0,70,1,1,107
1797,0,4,0,1,107
1798,0,33,1,1,107
1799,0,151,1,1,107
1800,0,244,1,1,107
1801,0,22,0,1,107
1802,0,11,0,1,107
1803,0,24,1,1,107
1804,0,194,0,1,107
1805,0,21,1,1,107
1806,0,31,0,1,107
1807,0,50,1,1,107
1808,0,13,1,1,107
1809,0,112,1,1,107
1810,0,101,0,1,107
1811,0,62,1,1,107
1812,0,43,0,1,107
1813,0,155,1,1,107
1814,0,9,1,1,107
1815,0,23,0,1,107
1816,0,130,1,1,107
1817,0,14,1,1,107
1818,0,29,1,1,107
1819,0,87,1,1,107
1820,0,66,0,1,107
1821,0,26,1,1,107
1822,0,11,0,1,107
1823,0,126,1,1,107
1824,0,57,0,1,107
1825,0,28,0,1,107
1826,0,101,0,1,107
1827,0,200,1,1,107
1828,0,55,1,1,107
1829,0,15,0,1,107
1830,0,15,0,1,107
1831,0,41,0,1,107
1832,0,45,0,1,107
1833,0,190,1,1,107
1834,0,0,0,1,107
1835,0,181,1,1,107
1836,0,24,1,1,107
1837,0,37,1,1,107
1838,0,5,1,1,107
1839,0,164,0,1,107
1840,0,9,0,1,107
1841,0,48,0,1,107
1842,0,118,1,1,107
1843,0,39,1,1,107
1844,0,69,0,1,107
1845,0,100,1,1,107
1846,0,37,1,1,107
1847,0,25,0,1,107
1848,0,35,1,1,107
1849,0,118,0,1,107
1850,0,28,0,1,107
1851,0,41,1,1,107
1852,0,21,1,1,107
1853,0,11,0,1,107
1854,0,1,0,1,107
1855,0,5,0,1,107
1856,0,3,0,1,107
1857,0,72,0,1,107
1858,0,28,0,1,107
1859,0,45,1,1,107
1860,0,16,0,1,107
1861,0,98,1,1,107
1862,0,53,0,1,107
1863,0,48,1,1,107
1864,0,106,0,1,107
1865,0,7,1,1,107
1866,0,30,0,1,107
1867,0,122,1,1,107
1868,0,120,0,1,107
1869,0,14,0,1,107
1870,0,22,0,1,107
1871,0,81,0,1,107
1872,0,49,1,1,107
1873,0,40,0,1,107
1874,0,12,0,1,107
1875,0,27,1,1,107
1876,0,55,0,1,107
1877,0,63,1,1,107
1878,0,34,0,1,107
1879,0,149,0,1,107
1880,0,31,1,1,107
1881,0,52,1,1,107
1882,0,50,1,1,107
1883,0,17,1,1,107
1884,0,31,0,1,107
1885,0,27,1,1,107
1886,0,104,1,1,107
1887,0,10,0,1,107
1888,0,253,1,1,107
1889,0,14,0,1,107
1890,0,5,0,1,107
1891,0,70,1,1,107
1892,0,11,0,1,107
1893,0,82,0,1,107
1894,0,62,0,1,107
1895,0,36,1,1,107
1896,0,8,1,1,107
1897,0,35,1,1,107
1898,0,100,0,1,107
1899,0,78,1,1,107
1900,0,25,1,1,107
1901,0,13,0,1,107
1902,0,129,1,1,107
1903,0,39,0,1,107
1904,0,29,0,1,107
1905,0,10,0,1,107
1906,0,21,0,1,107
1907,0,29,0,1,107
1908,0,9,0,1,107
1909,0,40,0,1,107
1910,0,30,0,1,107
1911,0,38,0,1,107
1912,1,0,0,1,1912
1913,0,18,2,1,1912
1914,0,46,1,1,1912
1915,0,10,3,1,1912
1916,0,78,0,1,1912
1917,0,189,1,1,1912
1918,0,160,1,1,1912
1919,0,54,1,1,1912
1920,0,122,1,1,1912
1921,0,39,1,1,1912
1922,0,14,2,1,1912
1923,0,55,5,1,1912
1924,0,5,0,1,1912
1925,0,124,1,1,1912
1926,0,133,1,1,1912
1927,0,54,1,1,1912
1928,0,22,1,1,1912
1929,0,150,1,1,1912
1930,0,12,1,1,1912
1931,0,38,1,1,1912
1932,0,94,1,1,1912
1933,0,10,1,1,1912
1934,0,11,1,1,1912
1935,0,49,1,1,1912
1936,0,21,1,1,1912
1937,0,3,1,1,1912
1938,0,188,1,1,1912
1939,0,78,1,1,1912
1940,0,92,0,1,1912
1941,0,222,3,1,1912
1942,0,38,1,1,1912
1943,0,191,2,1,1912
1944,0,28,1,1,1912
1945,0,145,2,1,1912
1946,0,190,1,1,1912
1947,0,119,4,1,1912
1948,0,107,1,1,1912
1949,0,7,2,1,1912
1950,0,11,1,1,1912
1951,0,63,1,1,1912
1952,0,16,2,1,1912
1953,0,122,1,1,1912
1954,0,92,2,1,1912
1955,0,91,1,1,1912
1956,0,7,2,1,1912
1957,0,38,1,1,1912
1958,0,33,1,1,1912
1959,0,119,4,1,1912
1960,0,42,1,1,1912
1961,0,6,2,1,1912
1962,0,186,1,1,1912
1963,0,85,1,1,1912
1964,0,95,2,1,1912
1965,0,19,1,1,1912
1966,0,171,1,1,1912
1967,0,1,2,1,1912
1968,0,34,1,1,1912
1969,0,3,1,1,1912
1970,0,71,2,1,1912
1971,0,175,1,1,1912
1972,0,69,1,1,1912
1973,0,64,1,1,1912
1974,0,6,1,1,1912
1975,0,35,1,1,1912
1976,0,38,2,1,1912
1977,0,8,1,1,1912
1978,0,14,1,1,1912
1979,0,175,1,1,1912
1980,0,56,1,1,1912
1981,0,54,1,1,1912
1982,0,18,0,1,1912
1983,0,198,1,1,1912
1984,0,177,2,1,1912
1985,0,223,3,1,1912
1986,0,152,1,1,1912
1987,0,35,2,1,1912
1988,0,23,1,1,1912
1989,0,86,1,1,1912
1990,0,19,1,1,1912
1991,0,48,1,1,1912
1992,0,14,1,1,1912
1993,0,202,1,1,1912
1994,0,63,1,1,1912
1995,0,62,1,1,1912
1996,0,3,2,1,1912
1997,0,134,1,1,1912
1998,0,53,1,1,1912
1999,0,33,2,1,1912
2000,0,32,1,1,1912
2001,0,59,1,1,1912
2002,0,84,1,1,1912
2003,0,47,2,1,1912
2004,0,49,1,1,1912
2005,0,154,1,1,1912
2006,0,51,1,1,1912
2007,0,170,2,1,1912
2008,0,6,1,1,1912
2009,0,44,1,1,1912
2010,0,83,2,1,1912
2011,0,39,1,1,1912
2012,0,14,1,1,1912
2013,0,8,1,1,1912
2014,0,9,1,1,1912
2015,0,4,1,1,1912
2016,0,17,1,1,1912
2017,0,6,2,1,1912
2018,0,54,1,1,1912
2019,0,18,1,1,1912
2020,0,157,2,1,1912
2021,0,30,1,1,1912
2022,0,49,1,1,1912
2023,0,24,2,1,1912
2024,0,52,1,1,1912
2025,0,29,1,1,1912
2026,0,95,2,1,1912
2027,0,43,1,1,1912
2028,0,105,1,1,1912
2029,0,33,1,1,1912
2030,0,186,1,1,1912
2031,0,52,2,1,1912
2032,0,146,2,1,1912
2033,0,172,1,1,1912
2034,0,7,3,1,1912
2035,0,29,1,1,1912
2036,0,20,2,1,1912
2037,0,172,1,1,1912
2038,0,122,3,1,1912
2039,0,111,1,1,1912
2040,0,151,1,1,1912
2041,0,7,2,1,1912
2042,0,95,4,1,1912
2043,0,173,1,1,1912
2044,0,24,0,1,1912
2045,0,175,1,1,1912
2046,0,122,2,1,1912
2047,0,204,4,1,1912
2048,0,16,1,1,1912
2049,0,36,1,1,1912
2050,0,22,0,1,1912
2051,0,8,2,1,1912
2052,0,105,3,1,1912
2053,0,114,2,1,1912
2054,0,162,3,1,1912
2055,0,72,1,1,1912
2056,0,114,1,1,1912
2057,0,41,2,1,1912
2058,0,75,0,1,1912
2059,0,192,2,1,1912
2060,0,105,1,1,1912
2061,0,47,1,1,1912
2062,0,75,3,1,1912
2063,0,140,1,1,1912
2064,0,185,1,1,1912
2065,0,25,1,1,1912
2066,0,8,1,1,1912
2067,0,32,2,1,1912
2068,0,140,1,1,1912
2069,0,167,1,1,1912
2070,0,12,1,1,1912
2071,0,122,1,1,1912
2072,0,128,2,1,1912
2073,0,194,2,1,1912
2074,0,161,1,1,1912
2075,0,47,1,1,1912
2076,0,16,1,1,1912
2077,0,125,1,1,1912
2078,0,203,1,1,1912
2079,0,0,0,1,1912
2080,0,8,1,1,1912
2081,0,171,4,1,1912
2082,0,17,2,1,1912
2083,0,146,1,1,1912
2084,0,140,1,1,1912
2085,0,29,1,1,1912
2086,0,135,1,1,1912
2087,0,155,1,1,1912
2088,0,197,1,1,1912
2089,0,22,1,1,1912
2090,0,188,1,1,1912
2091,0,33,1,1,1912
2092,0,42,1,1,1912
2093,0,176,1,1,1912
2094,0,6,2,1,1912
2095,0,153,1,1,1912
2096,0,20,3,1,1912
2097,0,37,1,1,1912
2098,0,116,2,1,1912
2099,0,15,2,1,1912
2100,0,5,2,1,1912
2101,0,70,1,1,1912
2102,0,131,2,1,1912
2103,0,183,1,1,1912
2104,0,180,1,1,1912
2105,0,10,1,1,1912
2106,0,3,3,1,1912
2107,0,36,0,1,1912
2108,0,163,2,1,1912
2109,0,134,1,1,1912
2110,0,42,1,1,1912
2111,0,183,3,1,1912
2112,0,159,1,1,1912
2113,0,9,2,1,1912
2114,0,14,3,1,1912
2115,0,135,1,1,1912
2116,0,64,1,1,1912
2117,0,141,2,1,1912
2118,0,187,1,1,1912
2119,0,14,1,1,1912
2120,0,22,2,1,1912
2121,0,157,2,1,1912
2122,0,145,1,1,1912
2123,0,202,1,1,1912
2124,0,168,1,1,1912
2125,0,120,3,1,1912
2126,0,53,2,1,1912
2127,0,111,1,1,1912
2128,0,91,3,1,1912
2129,0,37,2,1,1912
2130,0,10,2,1,1912
2131,0,197,1,1,1912
2132,0,93,1,1,1912
2133,0,158,3,1,1912
2134,0,84,5,1,1912
2135,0,87,1,1,1912
2136,0,73,1,1,1912
2137,0,48,2,1,1912
2138,0,137,1,1,1912
2139,0,177,1,1,1912
2140,0,170,1,1,1912
2141,0,23,1,1,1912
2142,0,220,4,1,1912
2143,0,101,3,1,1912
2144,0,77,1,1,1912
2145,0,42,1,1,1912
2146,0,23,1,1,1912
2147,0,40,1,1,1912
2148,0,89,1,1,1912
2149,0,127,2,1,1912
2150,0,191,1,1,1912
2151,0,85,2,1,1912
2152,0,17,1,1,1912
2153,0,138,2,1,1912
2154,0,159,1,1,1912
2155,0,40,1,1,1912
2156,0,26,2,1,1912
2157,0,38,1,1,1912
2158,0,9,1,1,1912
2159,0,47,1,1,1912
2160,0,23,1,1,1912
2161,0,81,1,1,1912
2162,0,14,1,1,1912
2163,0,30,2,1,1912
2164,0,91,1,1,1912
2165,0,127,1,1,1912
2166,0,8,0,1,1912
2167,0,4,1,1,1912
2168,0,2,2,1,1912
2169,0,108,2,1,1912
2170,0,17,1,1,1912
2171,0,65,1,1,1912
2172,0,192,1,1,1912
2173,0,29,1,1,1912
2174,0,119,3,1,1912
2175,0,7,1,1,1912
2176,0,116,3,1,1912
2177,0,10,2,1,1912
2178,0,2,1,1,1912
2179,0,93,1,1,1912
2180,0,113,0,1,1912
2181,0,16,1,1,1912
2182,0,7,2,1,1912
2183,0,133,3,1,1912
2184,0,185,1,1,1912
2185,0,16,1,1,1912
2186,0,17,2,1,1912
2187,0,147,1,1,1912
2188,0,193,1,1,1912
2189,0,112,2,1,1912
2190,0,167,1,1,1912
2191,0,87,2,1,1912
2192,0,40,1,1,1912
2193,0,13,1,1,1912
2194,0,108,1,1,1912
2195,0,0,0,1,1912
2196,0,109,1,1,1912
2197,0,21,1,1,1912
2198,0,54,0,1,1912
2199,0,174,2,1,1912
2200,0,172,1,1,1912
2201,0,189,1,1,1912
2202,0,48,0,1,1912
2203,0,99,2,1,1912
2204,0,3,3,1,1912
2205,0,13,0,1,1912
2206,0,209,1,1,1912
2207,0,21,0,1,1912
2208,0,21,1,1,1912
2209,0,35,3,1,1912
2210,0,97,1,1,1912
2211,0,53,2,1,1912
2212,0,139,1,1,1912
2213,0,102,0,1,1912
2214,0,26,1,1,1912
2215,0,57,2,1,1912
2216,0,132,1,1,1912
2217,0,12,2,1,1912
2218,0,204,2,1,1912
2219,0,4,1,1,1912
2220,0,194,1,1,1912
2221,0,40,2,1,1912
2222,0,45,2,1,1912
2223,0,115,1,1,1912
2224,0,128,3,1,1912
2225,0,41,1,1,1912
2226,0,50,0,1,1912
2227,0,6,2,1,1912
2228,0,31,1,1,1912
2229,0,206,2,1,1912
2230,0,4,3,1,1912
2231,0,35,2,1,1912
2232,0,70,2,1,1912
2233,0,221,1,1,1912
2234,0,28,1,1,1912
2235,0,69,1,1,1912
2236,0,36,1,1,1912
2237,0,123,1,1,1912
2238,0,12,1,1,1912
2239,0,43,0,1,1912
2240,0,200,1,1,1912
2241,0,118,4,1,1912
2242,0,39,1,1,1912
2243,0,58,2,1,1912
2244,0,199,2,1,1912
2245,0,6,1,1,1912
2246,0,94,2,1,1912
2247,0,121,2,1,1912
2248,0,17,1,1,1912
2249,0,18,1,1,1912
2250,0,108,2,1,1912
2251,0,8,2,1,1912
2252,0,9,2,1,1912
2253,0,156,1,1,1912
2254,0,89,2,1,1912
2255,0,9,1,1,1912
2256,0,6,1,1,1912
2257,0,154,1,1,1912
2258,0,48,1,1,1912
2259,0,54,2,1,1912
2260,0,19,2,1,1912
2261,0,128,1,1,1912
2262,0,13,1,1,1912
2263,0,6,1,1,1912
2264,0,74,0,1,1912
2265,0,10,1,1,1912
2266,0,233,3,1,1912
2267,0,82,1,1,1912
2268,0,129,3,1,1912
2269,0,0,0,1,1912
2270,0,14,1,1,1912
2271,0,179,1,1,1912
2272,0,28,1,1,1912
2273,0,90,2,1,1912
2274,0,34,2,1,1912
2275,0,184,1,1,1912
2276,0,153,1,1,1912
2277,0,15,1,1,1912
2278,0,173,2,1,1912
2279,0,128,1,1,1912
2280,0,58,2,1,1912
2281,0,8,0,1,1912
2282,0,153,2,1,1912
2283,0,160,6,1,1912
2284,0,55,1,1,1912
2285,0,54,0,1,1912
2286,0,23,1,1,1912
2287,0,67,1,1,1912
2288,0,20,2,1,1912
2289,0,159,3,1,1912
2290,0,183,1,1,1912
2291,0,16,1,1,1912
2292,0,141,3,1,1912
2293,0,53,1,1,1912
2294,0,121,2,1,1912
2295,0,22,2,1,1912
2296,0,33,2,1,1912
2297,0,37,1,1,1912
2298,0,16,3,1,1912
2299,0,154,1,1,1912
2300,0,121,1,1,1912
2301,0,9,2,1,1912
2302,0,122,2,1,1912
2303,0,28,0,1,1912
2304,0,65,2,1,1912
2305,0,15,0,1,1912
2306,0,112,1,1,1912
2307,0,140,1,1,1912
2308,0,155,1,1,1912
2309,0,198,1,1,1912
2310,0,22,2,1,1912
2311,0,50,1,1,1912
2312,0,15,2,1,1912
2313,0,84,1,1,1912
2314,0,18,1,1,1912
2315,0,72,1,1,1912
2316,0,9,2,1,1912
2317,0,35,1,1,1912
2318,0,36,3,1,1912
2319,0,121,2,1,1912
2320,0,15,1,1,1912
2321,0,6,2,1,1912
2322,0,45,1,1,1912
2323,0,182,1,1,1912
2324,0,196,1,1,1912
2325,0,78,2,1,1912
2326,0,179,1,1,1912
2327,0,124,1,1,1912
2328,0,165,4,1,1912
2329,0,123,1,1,1912
2330,0,47,0,1,1912
2331,0,189,1,1,1912
2332,0,102,3,1,1912
2333,0,159,2,1,1912
2334,0,138,1,1,1912
2335,0,33,1,1,1912
2336,0,149,2,1,1912
2337,0,34,1,1,1912
2338,0,108,1,1,1912
2339,0,181,1,1,1912
2340,0,197,1,1,1912
2341,0,25,2,1,1912
2342,0,27,1,1,1912
2343,0,78,1,1,1912
2344,0,120,3,1,1912
2345,0,51,2,1,1912
2346,0,35,1,1,1912
2347,0,290,2,1,1912
2348,0,150,2,1,1912
2349,0,17,2,1,1912
2350,0,27,1,1,1912
2351,0,109,1,1,1912
2352,0,167,1,1,1912
2353,0,85,1,1,1912
2354,0,176,1,1,1912
2355,0,29,2,1,1912
2356,0,171,1,1,1912
2357,0,12,1,1,1912
2358,0,5,2,1,1912
2359,0,146,1,1,1912
2360,0,11,1,1,1912
2361,0,44,1,1,1912
2362,0,24,1,1,1912
2363,0,166,1,1,1912
2364,0,64,1,1,1912
2365,0,54,1,1,1912
2366,0,35,1,1,1912
2367,0,49,2,1,1912
2368,0,78,0,1,1912
2369,0,196,2,1,1912
2370,0,157,1,1,1912
2371,0,35,2,1,1912
2372,0,104,2,1,1912
2373,0,11,1,1,1912
2374,0,167,1,1,1912
2375,0,5,2,1,1912
2376,0,178,3,1,1912
2377,0,93,2,1,1912
2378,0,49,1,1,1912
2379,0,35,1,1,1912
2380,0,2,0,1,1912
2381,0,175,1,1,1912
2382,0,1,3,1,1912
2383,0,23,0,1,1912
2384,0,187,3,1,1912
2385,0,56,1,1,1912
2386,0,138,1,1,1912
2387,0,49,1,1,1912
2388,0,5,1,1,1912
2389,0,27,2,1,1912
2390,0,48,1,1,1912
2391,0,71,1,1,1912
2392,0,91,1,1,1912
2393,0,31,1,1,1912
2394,0,94,2,1,1912
2395,0,178,2,1,1912
2396,0,68,1,1,1912
2397,0,34,1,1,1912
2398,0,107,2,1,1912
2399,0,76,3,1,1912
2400,0,18,2,1,1912
2401,0,20,1,1,1912
2402,0,14,2,1,1912
2403,0,16,1,1,1912
2404,0,169,1,1,1912
2405,0,19,1,1,1912
2406,0,35,1,1,1912
2407,0,88,1,1,1912
2408,0,152,1,1,1912
2409,0,177,1,1,1912
2410,0,206,1,1,1912
2411,0,31,1,1,1912
2412,0,30,1,1,1912
2413,0,16,1,1,1912
2414,0,182,1,1,1912
2415,0,40,2,1,1912
2416,0,36,3,1,1912
2417,0,69,0,1,1912
2418,0,116,1,1,1912
2419,0,108,3,1,1912
2420,0,80,1,1,1912
2421,0,7,3,1,1912
2422,0,4,1,1,1912
2423,0,164,1,1,1912
2424,0,10,2,1,1912
2425,0,35,1,1,1912
2426,0,17,2,1,1912
2427,0,24,0,1,1912
2428,0,190,1,1,1912
2429,0,85,0,1,1912
2430,0,145,1,1,1912
2431,0,4,2,1,1912
2432,0,27,1,1,1912
2433,0,146,2,1,1912
2434,0,90,1,1,1912
2435,0,26,0,1,1912
2436,0,93,2,1,1912
2437,0,4,3,1,1912
2438,0,67,2,1,1912
2439,0,9,2,1,1912
2440,0,33,1,1,1912
2441,0,3,1,1,1912
2442,0,2,1,1,1912
2443,0,22,2,1,1912
2444,0,15,1,1,1912
2445,0,69,2,1,1912
2446,0,160,1,1,1912
2447,0,48,1,1,1912
2448,0,32,2,1,1912
2449,0,45,2,1,1912
2450,0,11,1,1,1912
2451,0,108,2,1,1912
2452,0,9,1,1,1912
2453,0,13,1,1,1912
2454,0,15,1,1,1912
2455,0,15,3,1,1912
2456,0,7,4,1,1912
2457,0,0,1,1,1912
2458,0,98,3,1,1912
2459,0,45,2,1,1912
2460,0,168,1,1,1912
2461,0,123,3,1,1912
2462,0,95,1,1,1912
2463,0,125,2,1,1912
2464,0,201,1,1,1912
2465,0,59,1,1,1912
2466,0,10,1,1,1912
2467,0,129,0,1,1912
2468,0,176,4,1,1912
2469,0,134,1,1,1912
2470,0,0,3,1,1912
2471,0,131,1,1,1912
2472,0,76,2,1,1912
2473,0,48,2,1,1912
2474,0,25,1,1,1912
2475,0,96,1,1,1912
2476,0,35,1,1,1912
2477,0,112,1,1,1912
2478,0,92,1,1,1912
2479,0,45,1,1,1912
2480,0,26,1,1,1912
2481,0,2,1,1,1912
2482,0,159,1,1,1912
2483,0,2,1,1,1912
2484,0,125,1,1,1912
2485,0,136,1,1,1912
2486,0,17,1,1,1912
2487,0,8,1,1,1912
2488,0,38,1,1,1912
2489,0,107,1,1,1912
2490,0,14,0,1,1912
2491,0,120,2,1,1912
2492,0,177,1,1,1912
2493,0,5,0,1,1912
2494,0,38,1,1,1912
2495,0,144,1,1,1912
2496,0,21,1,1,1912
2497,0,24,2,1,1912
2498,0,93,3,1,1912
2499,0,92,1,1,1912
2500,0,180,1,1,1912
2501,0,75,2,1,1912
2502,0,42,2,1,1912
2503,0,15,1,1,1912
2504,0,150,1,1,1912
2505,0,4,1,1,1912
2506,0,123,2,1,1912
2507,0,200,1,1,1912
2508,0,97,0,1,1912
2509,0,133,1,1,1912
2510,0,137,0,1,1912
2511,0,139,2,1,1912
2512,0,104,3,1,1912
2513,0,14,2,1,1912
2514,0,8,1,1,1912
2515,0,12,1,1,1912
2516,0,87,2,1,1912
2517,0,5,1,1,1912
2518,0,47,2,1,1912
2519,0,34,2,1,1912
2520,0,164,1,1,1912
2521,0,140,2,1,1912
2522,0,13,0,1,1912
2523,0,16,3,1,1912
2524,0,12,1,1,1912
2525,0,34,2,1,1912
2526,0,190,1,1,1912
2527,0,3,1,1,1912
2528,0,6,2,1,1912
2529,0,35,2,1,1912
2530,0,28,1,1,1912
2531,0,22,3,1,1912
2532,0,105,1,1,1912
2533,0,98,1,1,1912
2534,0,17,2,1,1912
2535,0,10,1,1,1912
2536,0,62,1,1,1912
2537,0,94,1,1,1912
2538,0,55,1,1,1912
2539,0,139,1,1,1912
2540,0,30,2,1,1912
2541,0,1,2,1,1912
2542,0,195,2,1,1912
2543,0,293,5,1,1912
2544,0,29,2,1,1912
2545,0,8,0,1,1912
2546,0,143,1,1,1912
2547,0,53,0,1,1912
2548,0,7,2,1,1912
2549,0,160,1,1,1912
2550,0,161,1,1,1912
2551,0,157,1,1,1912
2552,0,111,0,1,1912
2553,0,172,1,1,1912
2554,0,92,0,1,1912
2555,0,134,2,1,1912
2556,0,130,1,1,1912
2557,0,30,2,1,1912
2558,0,21,2,1,1912
2559,0,164,1,1,1912
2560,0,200,3,1,1912
2561,0,154,2,1,1912
2562,0,13,1,1,1912
2563,0,109,1,1,1912
2564,0,187,1,1,1912
2565,0,3,2,1,1912
2566,0,25,1,1,1912
2567,0,115,2,1,1912
2568,0,10,2,1,1912
2569,0,0,1,1,1912
2570,0,20,2,1,1912
2571,0,29,2,1,1912
2572,0,18,1,1,1912
2573,0,151,2,1,1912
2574,0,102,1,1,1912
2575,0,140,2,1,1912
2576,0,44,1,1,1912
2577,0,19,3,1,1912
2578,0,163,1,1,1912
2579,0,115,1,1,1912
2580,0,5,1,1,1912
2581,0,23,2,1,1912
2582,0,100,2,1,1912
2583,0,45,1,1,1912
2584,0,14,1,1,1912
2585,0,39,1,1,1912
2586,0,186,2,1,1912
2587,0,18,2,1,1912
2588,0,90,1,1,1912
2589,0,78,1,1,1912
2590,0,196,1,1,1912
2591,0,95,1,1,1912
2592,0,124,1,1,1912
2593,0,184,1,1,1912
2594,0,93,1,1,1912
2595,0,2,1,1,1912
2596,0,0,0,1,1912
2597,0,104,1,1,1912
2598,0,163,5,1,1912
2599,0,13,1,1,1912
2600,0,181,1,1,1912
2601,0,189,1,1,1912
2602,0,197,1,1,1912
2603,0,67,2,1,1912
2604,0,195,1,1,1912
2605,0,16,2,1,1912
2606,0,74,1,1,1912
2607,0,194,1,1,1912
2608,0,98,1,1,1912
2609,0,48,1,1,1912
2610,0,50,3,1,1912
2611,0,206,1,1,1912
2612,0,27,1,1,1912
2613,0,30,1,1,1912
2614,0,16,2,1,1912
2615,0,184,1,1,1912
2616,0,99,2,1,1912
2617,0,113,1,1,1912
2618,0,22,1,1,1912
2619,0,163,2,1,1912
2620,0,54,1,1,1912
2621,0,5,2,1,1912
2622,0,20,1,1,1912
2623,0,129,1,1,1912
2624,0,187,1,1,1912
2625,0,185,1,1,1912
2626,0,33,1,1,1912
2627,0,40,1,1,1912
2628,0,27,2,1,1912
2629,0,126,2,1,1912
2630,0,172,1,1,1912
2631,0,115,1,1,1912
2632,0,6,2,1,1912
2633,0,40,1,1,1912
2634,0,4,1,1,1912
2635,0,19,2,1,1912
2636,0,37,1,1,1912
2637,0,34,1,1,1912
2638,0,165,1,1,1912
2639,0,36,1,1,1912
2640,0,55,1,1,1912
2641,0,18,1,1,1912
2642,0,126,4,1,1912
2643,0,99,2,1,1912
2644,0,26,0,1,1912
2645,0,53,1,1,1912
2646,0,134,1,1,1912
2647,0,47,1,1,1912
2648,0,47,1,1,1912
2649,0,121,3,1,1912
2650,0,17,1,1,1912
2651,0,6,1,1,1912
2652,0,48,1,1,1912
2653,0,71,1,1,1912
2654,0,150,1,1,1912
2655,0,167,1,1,1912
2656,0,15,1,1,1912
2657,0,51,1,1,1912
2658,0,35,1,1,1912
2659,0,57,2,1,1912
2660,0,37,1,1,1912
2661,0,98,1,1,1684
2662,0,36,1,1,1684
2663,0,25,1,1,1684
2664,0,82,1,1,1684
2665,0,49,1,1,1684
2666,0,60,1,1,1684
2667,0,19,1,1,1684
2668,0,33,1,1,1684
2669,0,96,1,1,1684
2670,0,18,1,1,1684
2671,0,5,1,1,1684
2672,0,36,1,1,1684
2673,0,28,1,1,1684
2674,0,69,1,1,1684
2675,0,37,1,1,1684
2676,0,82,1,1,1684
2677,0,14,1,1,1684
2678,0,8,1,1,1684
2679,0,92,1,1,1684
2680,0,52,1,1,1684
2681,0,44,1,1,1684
2682,0,15,1,1,1684
2683,0,77,1,1,1684
2684,0,27,1,1,1684
2685,0,11,1,1,1684
2686,0,23,1,1,1684
2687,0,20,1,1,1684
2688,0,10,1,1,1684
2689,0,66,1,1,1684
2690,0,30,1,1,1684
2691,0,2,1,1,1684
2692,0,4,0,1,1684
2693,0,17,1,1,1684
2694,0,92,2,1,1684
2695,0,10,1,1,1684
2696,0,18,1,1,1684
2697,0,15,1,1,1684
2698,0,68,1,1,1684
2699,0,12,1,1,1684
2700,0,14,1,1,1684
2701,0,25,1,1,1684
2702,0,23,1,1,1684
2703,0,17,1,1,1684
2704,0,1,1,1,1684
2705,0,26,1,1,1684
2706,0,66,1,1,1684
2707,0,14,1,1,1684
2708,0,33,1,1,1684
2709,0,11,0,1,1684
2710,0,12,1,1,1684
2711,0,30,1,1,1684
2712,0,43,0,1,1684
2713,0,30,1,1,1684
2714,0,2,1,1,1684
2715,0,31,1,1,1684
2716,0,94,1,1,1684
2717,0,53,1,1,1684
2718,0,36,1,1,1684
2719,0,99,1,1,1684
2720,0,48,1,1,1684
2721,0,5,0,1,1684
2722,0,2,1,1,1684
2723,0,11,1,1,1684
2724,0,69,1,1,1684
2725,0,7,0,1,1684
2726,0,16,1,1,1684
2727,0,12,1,1,1684
2728,0,37,1,1,1684
2729,0,62,1,1,1684
2730,0,88,1,1,1684
2731,0,28,1,1,1684
2732,0,7,1,1,1684
2733,0,23,1,1,1684
2734,0,25,1,1,1684
2735,0,18,1,1,1684
2736,0,4,1,1,1684
2737,0,20,1,1,1684
2738,0,82,1,1,1684
2739,0,30,1,1,1684
2740,0,1,1,1,1684
2741,0,56,1,1,1684
2742,0,115,1,1,1684
2743,0,50,1,1,1684
2744,0,12,1,1,1684
2745,0,32,1,1,1684
2746,0,14,1,1,1684
2747,0,12,1,1,1684
2748,0,74,1,1,1684
2749,0,52,1,1,1684
2750,0,84,1,1,1684
2751,0,34,1,1,1684
2752,0,6,1,1,1684
2753,0,51,1,1,1684
2754,0,121,1,1,1684
2755,0,88,1,1,1684
2756,0,44,1,1,1684
2757,0,82,1,1,1684
2758,0,45,1,1,1684
2759,0,21,1,1,1684
2760,0,10,1,1,1684
2761,0,27,1,1,1684
2762,0,20,1,1,1684
2763,0,62,1,1,1684
2764,0,24,1,1,1684
2765,0,46,1,1,1684
2766,0,12,1,1,1684
2767,0,5,1,1,1684
2768,0,27,1,1,1684
2769,0,11,1,1,1684
2770,0,40,1,1,1684
2771,0,13,1,1,1684
2772,0,33,1,1,1684
2773,0,56,1,1,1684
2774,0,5,1,1,1684
2775,0,26,1,1,1684
2776,0,5,1,1,1684
2777,0,82,1,1,1684
2778,0,94,1,1,1684
2779,0,18,1,1,1684
2780,0,58,3,1,1684
2781,0,65,1,1,1684
2782,0,97,1,1,1684
2783,0,32,1,1,1684
2784,0,27,1,1,1684
2785,0,43,1,1,1684
2786,0,101,1,1,1684
2787,0,48,1,1,1684
2788,0,1,1,1,1684
2789,0,18,1,1,1684
2790,0,8,1,1,1684
2791,0,11,1,1,1684
2792,0,2,1,1,1684
2793,0,98,1,1,1684
2794,0,18,1,1,1684
2795,0,23,1,1,1684
2796,0,59,1,1,1684
2797,0,26,1,1,1684
2798,0,2,1,1,1684
2799,0,7,1,1,1684
2800,0,81,1,1,1684
2801,0,9,1,1,1684
2802,0,9,1,1,1684
2803,0,21,1,1,1684
2804,0,8,1,1,1684
2805,0,7,1,1,1684
2806,0,49,1,1,1684
2807,0,21,1,1,1684
2808,0,2,1,1,1684
2809,0,18,1,1,1684
2810,0,57,1,1,1684
2811,0,6,0,1,1684
2812,0,24,1,1,1684
2813,0,26,1,1,1684
2814,0,1,1,1,1684
2815,0,56,1,1,1684
2816,0,10,1,1,1684
2817,0,4,1,1,1684
2818,0,15,1,1,1684
2819,0,23,1,1,1684
2820,0,14,1,1,1684
2821,0,12,1,1,1684
2822,0,13,1,1,1684
2823,0,37,0,1,1684
2824,0,5,0,1,1684
2825,0,19,1,1,1684
2826,0,9,1,1,1684
2827,0,74,1,1,1684
2828,0,77,1,1,1684
2829,0,27,1,1,1684
2830,0,21,1,1,1684
2831,0,17,1,1,1684
2832,0,29,1,1,1684
2833,0,81,1,1,1684
2834,0,8,1,1,1684
2835,0,43,1,1,1684
2836,0,30,1,1,1684
2837,0,13,1,1,1684
2838,0,3,1,1,1684
2839,0,136,1,1,1684
2840,0,32,1,1,1684
2841,0,30,1,1,1684
2842,0,0,1,1,1684
2843,0,28,1,1,1684
2844,0,28,1,1,1684
2845,0,25,1,1,1684
2846,0,26,1,1,1684
2847,0,11,1,1,1684
2848,0,20,1,1,1684
2849,0,80,1,1,1684
2850,0,32,1,1,1684
2851,0,21,1,1,1684
2852,0,10,1,1,1684
2853,0,61,1,1,1684
2854,0,35,1,1,1684
2855,0,3,0,1,1684
2856,0,17,1,1,1684
2857,0,1,1,1,1684
2858,0,16,1,1,1684
2859,0,19,1,1,1684
2860,0,2,1,1,1684
2861,0,10,1,1,1684
2862,0,70,1,1,1684
2863,0,103,1,1,1684
2864,0,74,1,1,1684
2865,0,38,1,1,1684
2866,0,77,1,1,1684
2867,0,79,1,1,1684
2868,0,20,1,1,1684
2869,0,69,1,1,1684
2870,0,21,1,1,1684
2871,0,41,1,1,1684
2872,0,75,1,1,1684
2873,0,72,1,1,1684
2874,0,46,1,1,1684
2875,0,51,1,1,1684
2876,0,13,1,1,1684
2877,0,103,1,1,1684
2878,0,10,1,1,1684
2879,0,15,1,1,1684
2880,0,65,1,1,1684
2881,0,44,1,1,1684
2882,0,9,1,1,1684
2883,0,14,1,1,1684
2884,0,5,1,1,1684
2885,0,3,1,1,1684
2886,0,9,1,1,1684
2887,0,39,1,1,1684
2888,0,14,1,1,1684
2889,0,18,1,1,1684
2890,0,87,1,1,1684
2891,0,21,1,1,1684
2892,0,28,1,1,1684
2893,0,7,1,1,1684
2894,0,60,1,1,1684
2895,0,8,1,1,1684
2896,0,49,1,1,1684
2897,0,53,1,1,1684
2898,0,7,1,1,1684
2899,0,5,1,1,1684
2900,0,10,1,1,1684
2901,0,76,1,1,1684
2902,0,6,1,1,1684
2903,0,7,1,1,1684
2904,0,71,1,1,1684
2905,0,73,1,1,1684
2906,0,91,1,1,1684
2907,0,31,1,1,1684
2908,0,26,1,1,1684
2909,0,76,1,1,1684
2910,0,82,1,1,1684
2911,0,68,1,1,1684
2912,0,60,1,1,1684
2913,0,74,1,1,1684
2914,0,40,1,1,1684
2915,0,90,1,1,1684
2916,0,86,1,1,1684
2917,0,17,1,1,1684
2918,0,19,1,1,1684
2919,0,69,1,1,1684
2920,0,73,1,1,1684
2921,0,39,1,1,1684
2922,0,2,1,1,1684
2923,0,15,1,1,1684
2924,0,39,1,1,1684
2925,0,78,1,1,1684
2926,0,9,1,1,1684
2927,0,91,1,1,1684
2928,0,85,1,1,1684
2929,0,47,1,1,1684
2930,0,7,1,1,1684
2931,0,52,1,1,1684
2932,0,39,1,1,1684
2933,0,13,1,1,1684
2934,0,19,1,1,1684
2935,0,11,1,1,1684
2936,0,59,1,1,1684
2937,0,62,1,1,1684
2938,0,19,0,1,1684
2939,0,68,1,1,1684
2940,0,63,1,1,1684
2941,0,10,1,1,1684
2942,0,9,0,1,1684
2943,0,81,1,1,1684
2944,0,105,1,1,1684
2945,0,53,1,1,1684
2946,0,58,1,1,1684
2947,0,16,1,1,1684
2948,0,20,1,1,1684
2949,0,19,1,1,1684
2950,0,47,1,1,1684
2951,0,101,1,1,1684
2952,0,2,1,1,1684
2953,0,33,1,1,1684
2954,0,12,1,1,1684
2955,0,43,1,1,1684
2956,0,95,1,1,1684
2957,0,13,1,1,1684
2958,0,41,1,1,1684
2959,0,16,1,1,1684
2960,0,91,1,1,1684
2961,0,10,1,1,1684
2962,0,18,1,1,1684
2963,0,3,1,1,1684
2964,0,17,1,1,1684
2965,0,16,1,1,1684
2966,0,106,1,1,1684
2967,0,21,1,1,1684
2968,0,12,1,1,1684
2969,0,70,1,1,1684
2970,0,43,1,1,1684
2971,0,3,1,1,1684
2972,0,16,1,1,1684
2973,0,72,1,1,1684
2974,0,58,1,1,1684
2975,0,2,1,1,1684
2976,0,40,1,1,1684
2977,0,32,0,1,1684
2978,0,24,1,1,1684
2979,0,17,1,1,1684
2980,0,4,1,1,1684
2981,0,22,1,1,1684
2982,0,14,1,1,1684
2983,0,16,1,1,1684
2984,0,23,1,1,1684
2985,0,59,1,1,1684
2986,0,99,1,1,1684
2987,0,26,1,1,1684
2988,0,62,1,1,1684
2989,0,57,1,1,1684
2990,0,12,1,1,1684
2991,0,60,1,1,1684
2992,0,71,1,1,1684
2993,0,55,1,1,1684
2994,0,64,1,1,1684
2995,0,14,1,1,1684
2996,0,38,1,1,1684
2997,0,13,1,1,1684
2998,0,2,1,1,1684
2999,0,29,1,1,1684
3000,0,90,1,1,1684
3001,0,34,1,1,1684
3002,0,71,1,1,1684
3003,0,3,1,1,1684
3004,0,52,1,1,1684
3005,0,42,1,1,1684
3006,0,1,1,1,1684
3007,0,23,1,1,1684
3008,0,15,1,1,1684
3009,0,18,1,1,1684
3010,0,31,1,1,1684
3011,0,41,3,1,1684
3012,0,10,1,1,1684
3013,0,23,1,1,1684
3014,0,42,1,1,1684
3015,0,9,1,1,1684
3016,0,28,1,1,1684
3017,0,69,1,1,1684
3018,0,29,1,1,1684
3019,0,69,1,1,1684
3020,0,36,1,1,1684
3021,0,49,1,1,1684
3022,0,79,1,1,1684
3023,0,34,1,1,1684
3024,0,13,1,1,1684
3025,0,53,1,1,1684
3026,0,95,1,1,1684
3027,0,65,1,1,1684
3028,0,11,1,1,1684
3029,0,51,1,1,1684
3030,0,7,1,1,1684
3031,0,0,1,1,1684
3032,0,21,1,1,1684
3033,0,87,1,1,1684
3034,0,42,0,1,1684
3035,0,89,1,1,1684
3036,0,37,1,1,1684
3037,0,2,1,1,1684
3038,0,87,1,1,1684
3039,0,21,1,1,1684
3040,0,50,1,1,1684
3041,0,26,1,1,1684
3042,0,19,1,1,1684
3043,0,16,1,1,1684
3044,0,5,1,1,1684
3045,0,7,1,1,1684
3046,0,36,1,1,1684
3047,0,49,1,1,1684
3048,0,14,1,1,1684
3049,0,75,1,1,1684
3050,0,15,1,1,1684
3051,0,100,1,1,1684
3052,0,49,1,1,1684
3053,0,9,1,1,1684
3054,0,82,1,1,1684
3055,0,5,2,1,1684
3056,0,77,1,1,1684
3057,0,16,1,1,1684
3058,0,14,1,1,1684
3059,0,4,1,1,1684
3060,0,77,1,1,1684
3061,0,13,1,1,1684
3062,0,31,1,1,1684
3063,0,10,1,1,1684
3064,0,63,1,1,1684
3065,0,52,1,1,1684
3066,0,13,1,1,1684
3067,0,12,1,1,1684
3068,0,15,1,1,1684
3069,0,15,1,1,1684
3070,0,61,1,1,1684
3071,0,0,1,1,1684
3072,0,45,1,1,1684
3073,0,61,1,1,1684
3074,0,5,1,1,1684
3075,0,22,1,1,1684
3076,0,85,1,1,1684
3077,0,54,1,1,1684
3078,0,98,1,1,1684
3079,0,38,1,1,1684
3080,0,27,1,1,1684
3081,0,24,1,1,1684
3082,0,115,1,1,1684
3083,0,9,1,1,1684
3084,0,75,1,1,1684
3085,0,51,1,1,1684
3086,0,36,1,1,1684
3087,0,50,1,1,1684
3088,0,9,1,1,1684
3089,0,51,1,1,1684
3090,0,107,1,1,1684
3091,0,5,0,1,1684
3092,0,10,1,1,1684
3093,0,15,1,1,1684
3094,0,6,1,1,1684
3095,0,14,1,1,1684
3096,0,75,1,1,1684
3097,0,40,1,1,1684
3098,0,64,1,1,1684
3099,0,9,1,1,1684
3100,0,33,1,1,1684
3101,0,121,1,1,1684
3102,0,48,1,1,1684
3103,0,19,1,1,1684
3104,0,82,1,1,1684
3105,0,11,1,1,1684
3106,0,61,1,1,1684
3107,0,50,1,1,1684
3108,0,62,1,1,1684
3109,0,17,1,1,1684
3110,0,16,1,1,1684
3111,0,51,1,1,1684
3112,0,11,1,1,1684
3113,0,67,1,1,1684
3114,0,45,1,1,1684
3115,0,60,1,1,1684
3116,0,102,1,1,1684
3117,0,62,1,1,1684
3118,0,43,1,1,1684
3119,0,68,1,1,1684
3120,0,70,1,1,1684
3121,0,3,1,1,1684
3122,0,8,1,1,1684
3123,0,32,1,1,1684
3124,0,29,1,1,1684
3125,0,1,0,1,1684
3126,0,7,1,1,1684
3127,0,5,1,1,1684
3128,0,9,1,1,1684
3129,0,34,1,1,1684
3130,0,12,1,1,1684
3131,0,7,1,1,1684
3132,0,83,1,1,1684
3133,0,9,1,1,1684
3134,0,1,1,1,1684
3135,0,34,1,1,1684
3136,0,61,1,1,1684
3137,0,48,1,1,1684
3138,0,18,1,1,1684
3139,0,20,1,1,1684
3140,0,70,1,1,1684
3141,0,10,1,1,1684
3142,0,55,1,1,1684
3143,0,3,1,1,1684
3144,0,15,1,1,1684
3145,0,68,1,1,1684
3146,0,60,1,1,1684
3147,0,4,1,1,1684
3148,0,29,1,1,1684
3149,0,65,0,1,1684
3150,0,88,1,1,1684
3151,0,13,1,1,1684
3152,0,84,1,1,1684
3153,0,10,1,1,1684
3154,0,90,1,1,1684
3155,0,11,1,1,1684
3156,0,12,1,1,1684
3157,0,14,1,1,1684
3158,0,51,1,1,1684
3159,0,6,1,1,1684
3160,0,29,1,1,1684
3161,0,5,1,1,1684
3162,0,56,1,1,1684
3163,0,22,1,1,1684
3164,0,9,1,1,1684
3165,0,6,1,1,1684
3166,0,37,1,1,1684
3167,0,16,1,1,1684
3168,0,47,1,1,1684
3169,0,60,1,1,1684
3170,0,24,1,1,1684
3171,0,18,1,1,1684
3172,0,71,1,1,1684
3173,0,17,1,1,1684
3174,0,73,1,1,1684
3175,0,5,1,1,1684
3176,0,26,1,1,1684
3177,0,40,1,1,1684
3178,0,24,1,1,1684
3179,0,67,1,1,1684
3180,0,7,1,1,1684
3181,0,7,1,1,1684
3182,0,67,1,1,1684
3183,0,0,1,1,1684
3184,0,60,1,1,1684
3185,0,79,1,1,1684
3186,0,22,1,1,1684
3187,0,33,1,1,1684
3188,0,50,1,1,1684
3189,0,18,1,1,1684
3190,0,11,1,1,1684
3191,0,39,1,1,1684
3192,0,15,1,1,1684
3193,0,26,1,1,1684
3194,0,16,1,1,1684
3195,0,71,1,1,1684
3196,0,39,1,1,1684
3197,0,7,1,1,1684
3198,0,85,1,1,1684
3199,0,21,1,1,1684
3200,0,10,1,1,1684
3201,0,91,1,1,1684
3202,0,10,1,1,1684
3203,0,30,1,1,1684
3204,0,46,1,1,1684
3205,0,14,1,1,1684
3206,0,50,1,1,1684
3207,0,40,1,1,1684
3208,0,14,0,1,1684
3209,0,23,1,1,1684
3210,0,13,1,1,1684
3211,0,24,1,1,1684
3212,0,34,1,1,1684
3213,0,35,1,1,1684
3214,0,62,1,1,1684
3215,0,24,1,1,1684
3216,0,6,1,1,1684
3217,0,5,0,1,1684
3218,0,8,1,1,1684
3219,0,38,1,1,1684
3220,0,53,1,1,1684
3221,0,25,1,1,1684
3222,0,14,1,1,1684
3223,0,22,1,1,1684
3224,0,54,1,1,1684
3225,0,27,1,1,1684
3226,0,78,1,1,1684
3227,0,4,1,1,1684
3228,0,35,1,1,1684
3229,0,13,1,1,1684
3230,0,0,1,1,1684
3231,0,27,1,1,1684
3232,0,104,1,1,1684
3233,0,62,1,1,1684
3234,0,32,1,1,1684
3235,0,7,0,1,1684
3236,0,20,1,1,1684
3237,0,27,1,1,1684
3238,0,40,1,1,1684
3239,0,61,1,1,1684
3240,0,65,1,1,1684
3241,0,18,1,1,1684
3242,0,14,1,1,1684
3243,0,26,1,1,1684
3244,0,13,1,1,1684
3245,0,13,1,1,1684
3246,0,13,1,1,1684
3247,0,65,1,1,1684
3248,0,30,1,1,1684
3249,0,13,1,1,1684
3250,0,33,1,1,1684
3251,0,8,1,1,1684
3252,0,85,1,1,1684
3253,0,50,1,1,1684
3254,0,11,1,1,1684
3255,0,31,1,1,1684
3256,0,62,1,1,1684
3257,0,41,1,1,1684
3258,0,46,1,1,1684
3259,0,30,0,1,1684
3260,0,27,1,1,1684
3261,0,53,1,1,1684
3262,0,23,1,1,1684
3263,0,57,1,1,1684
3264,0,30,1,1,1684
3265,0,47,1,1,1684
3266,0,7,1,1,1684
3267,0,71,1,1,1684
3268,0,1,0,1,1684
3269,0,8,1,1,1684
3270,0,5,1,1,1684
3271,0,4,1,1,1684
3272,0,43,1,1,1684
3273,0,25,1,1,1684
3274,0,62,1,1,1684
3275,0,28,1,1,1684
3276,0,19,1,1,1684
3277,0,70,1,1,1684
3278,0,18,1,1,1684
3279,0,24,1,1,1684
3280,0,106,1,1,1684
3281,0,11,1,1,1684
3282,0,1,1,1,1684
3283,0,15,1,1,1684
3284,0,69,1,1,1684
3285,0,26,1,1,1684
3286,0,22,1,1,1684
3287,0,47,1,1,1684
3288,0,47,1,1,1684
3289,0,18,0,1,1684
3290,0,4,1,1,1684
3291,0,118,1,1,1684
3292,0,11,1,1,1684
3293,0,59,1,1,1684
3294,0,22,1,1,1684
3295,0,45,1,1,1684
3296,0,40,1,1,1684
3297,0,62,1,1,1684
3298,0,44,1,1,1684
3299,0,59,1,1,1684
3300,0,17,1,1,1684
3301,0,39,1,1,1684
3302,0,66,1,1,1684
3303,0,35,1,1,1684
3304,0,34,1,1,1684
3305,0,4,1,1,1684
3306,0,21,1,1,1684
3307,0,18,1,1,1684
3308,0,8,1,1,1684
3309,0,17,1,1,1684
3310,0,4,1,1,1684
3311,0,10,1,1,1684
3312,0,16,1,1,1684
3313,0,31,1,1,1684
3314,0,15,1,1,1684
3315,0,13,1,1,1684
3316,0,38,1,1,1684
3317,0,6,1,1,1684
3318,0,19,1,1,1684
3319,0,25,1,1,1684
3320,0,112,1,1,1684
3321,0,68,1,1,1684
3322,0,7,1,1,1684
3323,0,6,1,1,1684
3324,0,86,1,1,1684
3325,0,18,1,1,1684
3326,0,15,1,1,1684
3327,0,49,1,1,1684
3328,0,17,2,1,1684
3329,0,18,1,1,1684
3330,0,92,1,1,1684
3331,0,35,1,1,1684
3332,0,61,1,1,1684
3333,0,6,1,1,1684
3334,0,8,1,1,1684
3335,0,64,1,1,1684
3336,0,6,1,1,1684
3337,0,23,1,1,1684
3338,0,8,1,1,1684
3339,0,72,1,1,1684
3340,0,15,1,1,1684
3341,0,30,0,1,1684
3342,0,67,1,1,1684
3343,0,13,1,1,1684
3344,0,75,1,1,1684
3345,0,64,1,1,1684
3346,0,34,1,1,1684
3347,0,75,1,1,1684
3348,0,83,1,1,1684
3349,0,11,1,1,1684
3350,0,81,1,1,1684
3351,0,83,1,1,1684
3352,0,12,1,1,1684
3353,0,61,1,1,1684
3354,0,8,1,1,1684
3355,0,53,1,1,1684
3356,0,19,1,1,1684
3357,0,14,1,1,1684
3358,0,10,1,1,1684
3359,0,17,1,1,1684
3360,0,73,1,1,1684
3361,0,13,1,1,1684
3362,0,74,1,1,1684
3363,0,130,1,1,1684
3364,0,48,1,1,1684
3365,0,45,1,1,1684
3366,0,61,1,1,1684
3367,0,10,1,1,1684
3368,0,8,1,1,1684
3369,0,42,1,1,1684
3370,0,5,1,1,1684
3371,0,14,1,1,1684
3372,0,6,1,1,1684
3373,0,16,1,1,1684
3374,0,15,1,1,1684
3375,0,2,1,1,1684
3376,0,7,1,1,1684
3377,0,30,1,1,1684
3378,0,59,1,1,1684
3379,0,24,1,1,1684
3380,0,20,1,1,1684
3381,0,53,1,1,1684
3382,0,16,1,1,1684
3383,0,16,1,1,1684
3384,0,48,1,1,1684
3385,0,52,1,1,1684
3386,0,51,1,1,1684
3387,0,96,1,1,1684
3388,0,9,1,1,1684
3389,0,6,1,1,1684
3390,0,24,1,1,1684
3391,0,52,1,1,1684
3392,0,16,1,1,1684
3393,0,18,1,1,1684
3394,0,30,1,1,1684
3395,0,37,1,1,1684
3396,0,75,1,1,1684
3397,0,114,1,1,1684
3398,0,7,1,1,1684
3399,0,36,1,1,1684
3400,0,34,1,1,1684
3401,0,7,1,1,1684
3402,0,14,1,1,1684
3403,0,51,1,1,1684
3404,0,17,1,1,1684
3405,0,12,1,1,1684
3406,0,69,1,1,1684
3407,0,1,1,1,1684
3408,0,1,1,1,1684
3409,0,15,1,1,1684
3410,0,15,1,1,1684
3411,0,61,1,1,1684
3412,0,44,1,1,1684
3413,0,2,1,1,1684
3414,0,17,1,1,1684
3415,0,28,1,1,1684
3416,0,52,1,1,1684
3417,0,88,1,1,1684
3418,0,9,1,1,1684
3419,0,62,1,1,1684
3420,0,22,1,1,1684
3421,0,19,1,1,1684
3422,0,39,1,1,1684
3423,0,15,1,1,1684
3424,0,6,1,1,1684
3425,0,9,1,1,1684
3426,0,112,1,1,1684
3427,0,8,1,1,1684
3428,0,7,1,1,1684
3429,0,4,1,1,1684
3430,0,20,1,1,1684
3431,0,22,1,1,1684
3432,0,5,1,1,1684
3433,0,64,1,1,1684
3434,0,106,1,1,1684
3435,0,48,1,1,1684
3436,0,6,1,1,1684
3437,1,0,0,1,3437
3438,0,23,0,1,3437
3439,0,8,0,1,3437
3440,0,25,0,1,3437
3441,0,5,0,1,3437
3442,0,44,0,1,3437
3443,0,21,0,1,3437
3444,0,4,0,1,3437
3445,0,6,0,1,3437
3446,0,10,0,1,3437
3447,0,5,0,1,3437
3448,0,46,0,1,3437
3449,0,44,0,1,3437
3450,0,17,0,1,3437
3451,0,0,0,1,3437
3452,0,15,0,1,3437
3453,0,0,0,1,3437
3454,0,13,2,1,3437
3455,0,37,0,1,3437
3456,0,50,3,1,3437
3457,0,5,0,1,3437
3458,0,19,0,1,3437
3459,0,14,0,1,3437
3460,0,27,0,1,3437
3461,0,7,0,1,3437
3462,0,19,0,1,3437
3463,0,23,0,1,3437
3464,0,30,0,1,3437
3465,0,15,0,1,3437
3466,0,25,0,1,3437
3467,0,2,0,1,3437
3468,0,28,0,1,3437
3469,0,27,0,1,3437
3470,0,15,1,1,3437
3471,0,24,0,1,3437
3472,0,14,0,1,3437
3473,0,16,0,1,3437
3474,0,17,0,1,3437
3475,0,31,0,1,3437
3476,0,14,1,1,3437
3477,0,5,2,1,3437
3478,0,16,0,1,3437
3479,0,14,0,1,3437
3480,0,24,0,1,3437
3481,0,13,0,1,3437
3482,0,12,1,1,3437
3483,0,12,0,1,3437
3484,0,14,0,1,3437
3485,0,18,0,1,3437
3486,0,29,0,1,3437
3487,0,9,0,1,3437
3488,0,46,2,1,3437
3489,0,4,0,1,3437
3490,0,14,0,1,3437
3491,0,22,0,1,3437
3492,0,8,0,1,3437
3493,0,18,0,1,3437
3494,0,3,2,1,3437
3495,0,55,0,1,3437
3496,0,18,0,1,3437
3497,0,23,0,1,3437
3498,0,17,0,1,3437
3499,0,20,0,1,3437
3500,0,19,0,1,3437
3501,0,49,0,1,3437
3502,0,7,0,1,3437
3503,0,12,0,1,3437
3504,0,7,0,1,3437
3505,0,24,0,1,3437
3506,0,47,3,1,3437
3507,0,8,0,1,3437
3508,0,23,0,1,3437
3509,0,21,0,1,3437
3510,0,19,0,1,3437
3511,0,21,0,1,3437
3512,0,12,0,1,3437
3513,0,5,0,1,3437
3514,0,40,0,1,3437
3515,0,10,0,1,3437
3516,0,13,0,1,3437
3517,0,16,0,1,3437
3518,0,32,4,1,3437
3519,0,16,0,1,3437
3520,0,9,0,1,3437
3521,0,57,3,1,3437
3522,0,8,0,1,3437
3523,0,13,0,1,3437
3524,0,15,0,1,3437
3525,0,35,0,1,3437
3526,0,29,0,1,3437
3527,0,22,0,1,3437
3528,0,35,0,1,3437
3529,0,34,0,1,3437
3530,0,7,0,1,3437
3531,0,8,0,1,3437
3532,0,14,0,1,3437
3533,0,14,0,1,3437
3534,0,22,1,1,3437
3535,0,18,0,1,3437
3536,0,10,0,1,3437
3537,0,3,0,1,3437
3538,0,19,0,1,3437
3539,0,9,1,1,3437
3540,0,33,0,1,3437
3541,0,11,0,1,3437
3542,0,32,0,1,3437
3543,0,9,0,1,3437
3544,0,4,2,1,3437
3545,0,82,0,1,3437
3546,0,15,0,1,3437
3547,0,12,0,1,3437
3548,0,7,1,1,3437
3549,0,14,0,1,3437
3550,0,18,0,1,3437
3551,0,8,2,1,3437
3552,0,6,0,1,3437
3553,0,32,2,1,3437
3554,0,20,1,1,3437
3555,0,19,2,1,3437
3556,0,12,0,1,3437
3557,0,30,0,1,3437
3558,0,37,2,1,3437
3559,0,26,0,1,3437
3560,0,2,0,1,3437
3561,0,13,0,1,3437
3562,0,14,0,1,3437
3563,0,16,0,1,3437
3564,0,16,1,1,3437
3565,0,3,0,1,3437
3566,0,8,2,1,3437
3567,0,13,1,1,3437
3568,0,34,1,1,3437
3569,0,25,0,1,3437
3570,0,0,0,1,3437
3571,0,16,0,1,3437
3572,0,7,0,1,3437
3573,0,21,0,1,3437
3574,0,14,2,1,3437
3575,0,2,0,1,3437
3576,0,41,0,1,3437
3577,0,51,0,1,3437
3578,0,23,0,1,3437
3579,0,15,0,1,3437
3580,0,8,0,1,3437
3581,0,11,0,1,3437
3582,0,2,0,1,3437
3583,0,9,0,1,3437
3584,0,48,0,1,3437
3585,0,7,0,1,3437
3586,0,43,5,1,3437
3587,0,16,0,1,3437
3588,0,3,0,1,3437
3589,0,1,0,1,3437
3590,0,26,0,1,3437
3591,0,18,0,1,3437
3592,0,12,2,1,3437
3593,0,46,2,1,3437
3594,0,11,0,1,3437
3595,0,13,0,1,3437
3596,0,85,0,1,3437
3597,0,2,0,1,3437
3598,0,10,0,1,3437
3599,0,32,0,1,3437
3600,0,6,0,1,3437
3601,0,20,0,1,3437
3602,0,16,0,1,3437
3603,0,8,0,1,3437
3604,0,75,3,1,3437
3605,0,38,2,1,3437
3606,0,4,0,1,3437
3607,0,7,0,1,3437
3608,0,18,0,1,3437
3609,0,26,0,1,3437
3610,0,14,0,1,3437
3611,0,56,0,1,3437
3612,0,18,2,1,3437
3613,0,14,0,1,3437
3614,0,9,0,1,3437
3615,0,19,2,1,3437
3616,0,11,0,1,3437
3617,0,32,3,1,3437
3618,0,19,0,1,3437
3619,0,3,0,1,3437
3620,0,15,0,1,3437
3621,0,10,0,1,3437
3622,0,11,0,1,3437
3623,0,18,3,1,3437
3624,0,13,1,1,3437
3625,0,36,0,1,3437
3626,0,7,0,1,3437
3627,0,18,0,1,3437
3628,0,22,0,1,3437
3629,0,36,0,1,3437
3630,0,12,0,1,3437
3631,0,9,0,1,3437
3632,0,5,0,1,3437
3633,0,64,3,1,3437
3634,0,21,0,1,3437
3635,0,26,0,1,3437
3636,0,24,0,1,3437
3637,0,4,0,1,3437
3638,0,10,0,1,3437
3639,0,11,0,1,3437
3640,0,41,2,1,3437
3641,0,9,0,1,3437
3642,0,22,0,1,3437
3643,0,23,0,1,3437
3644,0,12,0,1,3437
3645,0,17,1,1,3437
3646,0,16,0,1,3437
3647,0,7,0,1,3437
3648,0,20,0,1,3437
3649,0,14,0,1,3437
3650,0,0,0,1,3437
3651,0,31,1,1,3437
3652,0,6,0,1,3437
3653,0,3,0,1,3437
3654,0,11,0,1,3437
3655,0,14,0,1,3437
3656,0,21,1,1,3437
3657,0,12,0,1,3437
3658,0,15,0,1,3437
3659,0,9,0,1,3437
3660,0,5,1,1,3437
3661,0,5,0,1,3437
3662,0,16,0,1,3437
3663,0,13,0,1,3437
3664,0,9,0,1,3437
3665,0,5,0,1,3437
3666,0,8,0,1,3437
3667,0,22,0,1,3437
3668,0,10,0,1,3437
3669,0,6,0,1,3437
3670,0,21,0,1,3437
3671,0,8,0,1,3437
3672,0,46,0,1,3437
3673,0,3,0,1,3437
3674,0,37,2,1,3437
3675,0,13,2,1,3437
3676,0,4,0,1,3437
3677,0,49,5,1,3437
3678,0,4,0,1,3437
3679,0,12,0,1,3437
3680,0,42,2,1,3437
3681,0,9,0,1,3437
3682,0,8,1,1,3437
3683,0,16,0,1,3437
3684,0,66,0,1,3437
3685,0,14,0,1,3437
3686,0,3,0,1,3437
3687,0,32,0,1,3437
3688,0,1,0,1,3437
3689,0,2,2,1,3437
3690,0,25,3,1,3437
3691,0,2,0,1,3437
3692,0,37,0,1,3437
3693,0,28,0,1,3437
3694,0,4,0,1,3437
3695,0,14,0,1,3437
3696,0,14,0,1,3437
3697,0,20,0,1,3437
3698,0,17,0,1,3437
3699,0,2,0,1,3437
3700,0,6,0,1,3437
3701,0,14,0,1,3437
3702,0,37,0,1,3437
3703,0,14,0,1,3437
3704,0,1,0,1,3437
3705,0,37,3,1,3437
3706,0,24,0,1,3437
3707,0,23,0,1,3437
3708,0,14,0,1,3437
3709,0,0,0,1,3437
3710,0,25,0,1,3437
3711,0,28,0,1,3437
3712,0,7,0,1,3437
3713,0,25,0,1,3437
3714,0,25,0,1,3437
3715,0,13,0,1,3437
3716,0,6,0,1,3437
3717,0,2,0,1,3437
3718,0,26,2,1,3437
3719,0,22,1,1,3437
3720,0,9,0,1,3437
3721,0,29,4,1,3437
3722,0,32,0,1,3437
3723,0,7,0,1,3437
3724,0,5,0,1,3437
3725,0,18,0,1,3437
3726,0,14,0,1,3437
3727,0,5,0,1,3437
3728,0,27,0,1,3437
3729,0,0,0,1,3437
3730,0,27,0,1,3437
3731,0,39,0,1,3437
3732,0,1,0,1,3437
3733,0,2,0,1,3437
3734,0,48,0,1,3437
3735,0,15,0,1,3437
3736,0,11,0,1,3437
3737,0,38,0,1,3437
3738,0,29,0,1,3437
3739,0,14,0,1,3437
3740,0,26,0,1,3437
3741,0,17,0,1,3437
3742,0,4,0,1,3437
3743,0,18,0,1,3437
3744,0,2,0,1,3437
3745,0,5,0,1,3437
3746,0,1,0,1,3437
3747,0,21,0,1,3437
3748,0,0,0,1,3437
3749,0,5,0,1,3437
3750,0,28,0,1,3437
3751,0,5,0,1,3437
3752,0,18,0,1,3437
3753,0,24,2,1,3437
3754,0,7,0,1,3437
3755,0,7,0,1,3437
3756,0,60,0,1,3437
3757,0,16,0,1,3437
3758,0,43,3,1,3437
3759,0,18,2,1,3437
3760,0,16,0,1,3437
3761,0,20,0,1,3437
3762,0,16,0,1,3437
3763,0,11,2,1,3437
3764,0,28,0,1,3437
3765,0,3,0,1,3437
3766,0,9,2,1,3437
3767,0,9,0,1,3437
3768,0,22,0,1,3437
3769,0,12,0,1,3437
3770,0,9,1,1,3437
3771,0,6,2,1,3437
3772,0,7,1,1,3437
3773,0,13,0,1,3437
3774,0,17,0,1,3437
3775,0,8,2,1,3437
3776,0,18,0,1,3437
3777,0,9,1,1,3437
3778,0,12,0,1,3437
3779,0,18,1,1,3437
3780,0,15,0,1,3437
3781,0,3,0,1,3437
3782,0,31,2,1,3437
3783,0,12,0,1,3437
3784,0,11,0,1,3437
3785,0,18,0,1,3437
3786,0,20,2,1,3437
3787,0,4,0,1,3437
3788,0,11,0,1,3437
3789,0,7,0,1,3437
3790,0,44,0,1,3437
3791,0,20,2,1,3437
3792,0,14,0,1,3437
3793,0,48,0,1,3437
3794,0,34,0,1,3437
3795,0,4,0,1,3437
3796,0,10,0,1,3437
3797,0,42,0,1,3437
3798,0,0,0,1,3437
3799,0,13,1,1,3437
3800,0,48,0,1,3437
3801,0,2,0,1,3437
3802,0,15,0,1,3437
3803,0,20,2,1,3437
3804,0,48,0,1,3437
3805,0,4,0,1,3437
3806,0,5,0,1,3437
3807,0,1,0,1,3437
3808,0,1,0,1,3437
3809,0,15,0,1,3437
3810,0,34,3,1,3437
3811,0,2,0,1,3437
3812,0,6,0,1,3437
3813,0,6,0,1,3437
3814,0,7,0,1,3437
3815,0,14,0,1,3437
3816,0,2,0,1,3437
3817,0,11,0,1,3437
3818,0,13,0,1,3437
3819,0,12,2,1,3437
3820,0,0,0,1,3437
3821,0,25,0,1,3437
3822,0,29,0,1,3437
3823,0,13,1,1,3437
3824,0,49,0,1,3437
3825,0,26,1,1,3437
3826,0,31,0,1,3437
3827,0,7,0,1,3437
3828,0,27,0,1,3437
3829,0,36,0,1,3437
3830,0,107,3,1,3437
3831,0,24,0,1,3437
3832,0,11,2,1,3437
3833,0,31,0,1,3437
3834,0,6,3,1,3437
3835,0,25,0,1,3437
3836,0,21,2,1,3437
3837,0,16,1,1,3437
3838,0,60,0,1,3437
3839,0,4,0,1,3437
3840,0,11,0,1,3437
3841,0,32,0,1,3437
3842,0,40,0,1,3437
3843,0,7,2,1,3437
3844,0,4,1,1,3437
3845,0,19,0,1,3437
3846,0,1,0,1,3437
3847,0,12,0,1,3437
3848,0,5,0,1,3437
3849,0,4,0,1,3437
3850,0,19,0,1,3437
3851,0,58,0,1,3437
3852,0,21,0,1,3437
3853,0,0,0,1,3437
3854,0,1,0,1,3437
3855,0,14,0,1,3437
3856,0,0,0,1,3437
3857,0,10,0,1,3437
3858,0,31,0,1,3437
3859,0,5,0,1,3437
3860,0,36,2,1,3437
3861,0,15,2,1,3437
3862,0,18,0,1,3437
3863,0,10,0,1,3437
3864,0,6,0,1,3437
3865,0,3,0,1,3437
3866,0,18,0,1,3437
3867,0,25,0,1,3437
3868,0,17,0,1,3437
3869,0,31,0,1,3437
3870,0,25,0,1,3437
3871,0,7,0,1,3437
3872,0,13,0,1,3437
3873,0,37,0,1,3437
3874,0,13,0,1,3437
3875,0,1,0,1,3437
3876,0,8,0,1,3437
3877,0,54,0,1,3437
3878,0,9,0,1,3437
3879,0,1,0,1,3437
3880,0,9,2,1,3437
3881,0,17,0,1,3437
3882,0,3,0,1,3437
3883,0,14,0,1,3437
3884,0,33,0,1,3437
3885,0,1,0,1,3437
3886,0,28,0,1,3437
3887,0,4,0,1,3437
3888,0,9,0,1,3437
3889,0,14,0,1,3437
3890,0,4,0,1,3437
3891,0,23,0,1,3437
3892,0,12,0,1,3437
3893,0,5,2,1,3437
3894,0,8,1,1,3437
3895,0,12,2,1,3437
3896,0,20,0,1,3437
3897,0,3,0,1,3437
3898,0,15,0,1,3437
3899,0,6,0,1,3437
3900,0,33,0,1,3437
3901,0,7,0,1,3437
3902,0,41,0,1,3437
3903,0,17,0,1,3437
3904,0,6,0,1,3437
3905,0,7,0,1,3437
3906,0,43,0,1,3437
3907,0,25,2,1,3437
3908,0,6,0,1,3437
3909,0,21,0,1,3437
3910,0,3,0,1,3437
3911,0,6,0,1,3437
3912,0,14,1,1,3437
3913,0,17,0,1,3437
3914,0,7,0,1,3437
3915,0,21,0,1,3437
3916,0,6,0,1,3437
3917,0,14,0,1,3437
3918,0,30,0,1,3437
3919,0,11,0,1,3437
3920,0,15,0,1,3437
3921,0,29,0,1,3437
3922,0,1,0,1,3437
3923,0,6,0,1,3437
3924,0,40,0,1,3437
3925,0,4,0,1,3437
3926,0,42,0,1,3437
3927,0,23,0,1,3437
3928,0,2,0,1,3437
3929,0,14,0,1,3437
3930,0,46,0,1,3437
3931,0,21,0,1,3437
3932,0,7,0,1,3437
3933,0,21,0,1,3437
3934,0,9,0,1,3437
3935,0,0,0,1,3437
3936,0,5,0,1,3437
3937,0,13,0,1,3437
3938,0,82,3,1,3437
3939,0,3,2,1,3437
3940,0,10,0,1,3437
3941,0,6,0,1,3437
3942,0,1,0,1,3437
3943,0,24,0,1,3437
3944,0,12,0,1,3437
3945,0,33,1,1,3437
3946,0,3,0,1,3437
3947,0,31,3,1,3437
3948,0,58,4,1,3437
3949,0,11,1,1,3437
3950,0,15,0,1,3437
3951,0,34,0,1,3437
3952,0,3,0,1,3437
3953,0,3,0,1,3437
3954,0,3,0,1,3437
3955,0,2,0,1,3437
3956,0,23,0,1,3437
3957,0,17,0,1,3437
3958,0,8,0,1,3437
3959,0,1,0,1,3437
3960,0,16,0,1,3437
3961,0,6,0,1,3437
3962,0,38,3,1,3437
3963,0,5,2,1,3437
3964,0,14,0,1,3437
3965,0,3,0,1,3437
3966,0,46,0,1,3437
3967,0,15,0,1,3437
3968,0,45,0,1,3437
3969,0,24,0,1,3437
3970,0,5,0,1,3437
3971,0,46,0,1,3437
3972,0,17,0,1,3437
3973,0,7,0,1,3437
3974,0,0,0,1,3437
3975,0,14,0,1,3437
3976,0,14,0,1,3437
3977,0,5,0,1,3437
3978,0,3,0,1,3437
3979,0,11,1,1,3437
3980,1,0,0,1,3980
3981,0,7,1,1,3980
3982,0,13,1,1,3980
3983,0,1,1,1,3980
3984,0,0,1,1,3980
3985,0,5,1,1,3980
3986,0,8,1,1,3980
3987,0,1,1,1,3980
3988,0,6,1,1,3980
3989,0,5,1,1,3980
3990,0,3,1,1,3980
3991,0,2,1,1,3980
3992,0,2,1,1,3980
3993,0,5,1,1,3980
3994,0,10,1,1,3980
3995,0,8,1,1,3980
3996,0,3,1,1,3980
3997,0,10,1,1,3980
3998,0,13,1,1,3980
3999,0,3,1,1,3980
4000,0,8,1,1,3980
4001,0,1,1,1,3980
4002,0,6,1,1,3980
4003,0,4,1,1,3980
4004,0,9,1,1,3980
4005,0,2,1,1,3980
4006,0,1,1,1,3980
4007,0,3,1,1,3980
4008,0,0,1,1,3980
4009,0,9,1,1,3980
4010,0,0,1,1,3980
4011,0,3,1,1,3980
4012,0,1,1,1,3980
4013,0,5,1,1,3980
4014,0,11,1,1,3980
4015,0,0,1,1,3980
4016,0,3,1,1,3980
4017,0,8,1,1,3980
4018,0,6,1,1,3980
4019,0,7,1,1,3980
4020,0,7,1,1,3980
4021,0,10,1,1,3980
4022,0,0,0,1,3980
4023,0,17,1,1,3980
4024,0,0,1,1,3980
4025,0,3,1,1,3980
4026,0,8,1,1,3980
4027,0,6,1,1,3980
4028,0,1,1,1,3980
4029,0,1,1,1,3980
4030,0,18,1,1,3980
4031,0,10,1,1,3980
4032,0,1,1,1,3980
4033,0,2,1,1,3980
4034,0,1,1,1,3980
4035,0,0,1,1,3980
4036,0,1,1,1,3980
4037,0,3,1,1,3980
4038,0,8,1,1,3980
